Bacteria_ID,Quality,Bacteria_phylum,Product Prediction,BiG-SCAPE class,Family
11-B.bin.3,High-quality,Actinomycetota,T1PKS,PKSI,Streptosporangiaceae
11-B.bin.3,High-quality,Actinomycetota,RRE-containing,RiPPs,Streptosporangiaceae
11-B.bin.3,High-quality,Actinomycetota,T1PKS,PKSI,Streptosporangiaceae
11-B.bin.3,High-quality,Actinomycetota,T1PKS,PKSI,Streptosporangiaceae
11-B.bin.3,High-quality,Actinomycetota,RiPP-like,RiPPs,Streptosporangiaceae
11-B.bin.3,High-quality,Actinomycetota,T1PKS,PKSI,Streptosporangiaceae
11-B.bin.3,High-quality,Actinomycetota,T3PKS,PKSother,Streptosporangiaceae
11-B.bin.3,High-quality,Actinomycetota,NI-siderophore,Others,Streptosporangiaceae
11-B.bin.3,High-quality,Actinomycetota,T1PKS,PKSI,Streptosporangiaceae
11-B.bin.3,High-quality,Actinomycetota,terpene,Terpene,Streptosporangiaceae
11-B.bin.3,High-quality,Actinomycetota,T1PKS,PKSI,Streptosporangiaceae
11-B.bin.3,High-quality,Actinomycetota,terpene,Terpene,Streptosporangiaceae
11-B.bin.3,High-quality,Actinomycetota,terpene,Terpene,Streptosporangiaceae
11-B.bin.3,High-quality,Actinomycetota,RRE-containing,RiPPs,Streptosporangiaceae
11-B.bin.3,High-quality,Actinomycetota,PKS-like,PKSother,Streptosporangiaceae
11-C.bin.7,High-quality,Bacillota,NI-siderophore,Others,Amphibacillaceae
11-C.bin.7,High-quality,Bacillota,NI-siderophore,Others,Amphibacillaceae
11-C.bin.7,High-quality,Bacillota,RiPP-like,RiPPs,Amphibacillaceae
13-b.bin.37,High-quality,Actinomycetota,RiPP-like,RiPPs,Unclassified
13-b.bin.37,High-quality,Actinomycetota,thioamitides,RiPPs,Unclassified
13-b.bin.37,High-quality,Actinomycetota,ectoine,Others,Unclassified
13-b.bin.77,High-quality,Chloroflexota,terpene,Terpene,JAJCYX01
13-C.bin.36,High-quality,Gemmatimonadota,NRPS-like,NRPS,JAHWKZ01
13-C.bin.36,High-quality,Gemmatimonadota,T1PKS,PKSI,JAHWKZ01
13-d.bin.13,High-quality,Pseudomonadota,terpene,Terpene,Halofilaceae
13-d.bin.31,High-quality,Pseudomonadota,NRPS-like,NRPS,Halofilaceae
13-d.bin.31,High-quality,Pseudomonadota,terpene,Terpene,Halofilaceae
14-A.bin.53,High-quality,Bacteroidota,NI-siderophore,Others,Flavobacteriaceae
14-A.bin.53,High-quality,Bacteroidota,NI-siderophore,Others,Flavobacteriaceae
14-A.bin.53,High-quality,Bacteroidota,NRPS-like,NRPS,Flavobacteriaceae
14-A.bin.53,High-quality,Bacteroidota,RiPP-like,RiPPs,Flavobacteriaceae
14-B.bin.23,High-quality,Fibrobacterota,T1PKS,PKSI,JADFYW01
14-B.bin.23,High-quality,Fibrobacterota,terpene,Terpene,JADFYW01
16-A.bin.3,High-quality,Actinomycetota,NRPS,NRPS,ZC4RG35
16-A.bin.3,High-quality,Actinomycetota,NRPS-like,NRPS,ZC4RG35
16-A.bin.3,High-quality,Actinomycetota,NRPS,NRPS,ZC4RG35
17-A.bin.43,High-quality,KSB1,NRPS,NRPS,JAABYK01
17-A.bin.43,High-quality,KSB1,NRPS,NRPS,JAABYK01
17-A.bin.43,High-quality,KSB1,NRPS,NRPS,JAABYK01
17-A.bin.43,High-quality,KSB1,RiPP-like,RiPPs,JAABYK01
17-A.bin.43,High-quality,KSB1,NRPS,NRPS,JAABYK01
17-A.bin.43,High-quality,KSB1,NRPS,NRPS,JAABYK01
17-A.bin.43,High-quality,KSB1,NRPS,NRPS,JAABYK01
17-A.bin.43,High-quality,KSB1,NRPS,NRPS,JAABYK01
17-A.bin.43,High-quality,KSB1,T1PKS,PKSI,JAABYK01
17-A.bin.43,High-quality,KSB1,NRPS,NRPS,JAABYK01
17-A.bin.5,High-quality,Pseudomonadota,NRPS,NRPS,Wenzhouxiangellaceae
17-A.bin.5,High-quality,Pseudomonadota,T1PKS.NRPS-like,PKS-NRP_Hybrids,Wenzhouxiangellaceae
17-A.bin.5,High-quality,Pseudomonadota,NRPS,NRPS,Wenzhouxiangellaceae
17-A.bin.5,High-quality,Pseudomonadota,NRPS,NRPS,Wenzhouxiangellaceae
17-A.bin.5,High-quality,Pseudomonadota,resorcinol,Others,Wenzhouxiangellaceae
17-A.bin.5,High-quality,Pseudomonadota,lanthipeptide-class-ii,RiPPs,Wenzhouxiangellaceae
17-A.bin.5,High-quality,Pseudomonadota,arylpolyene,Others,Wenzhouxiangellaceae
17-C.bin.185,High-quality,Pseudomonadota,NRPS-like,NRPS,CAJXLF01
17-C.bin.185,High-quality,Pseudomonadota,arylpolyene,Others,CAJXLF01
18-A.bin.16,High-quality,Actinomycetota,indole,Others,Egibacteraceae
18-A.bin.16,High-quality,Actinomycetota,T3PKS,PKSother,Egibacteraceae
18-A.bin.16,High-quality,Actinomycetota,NRPS-like,NRPS,Egibacteraceae
18-A.bin.29,High-quality,Actinomycetota,terpene,Terpene,CADCSY01
18-A.bin.29,High-quality,Actinomycetota,NRPS-like,NRPS,CADCSY01
18-A.bin.85,High-quality,Actinomycetota,hglE-KS,PKSother,CALAEC01
1-A.bin.12,High-quality,Pseudomonadota,NRPS,NRPS,Halomonadaceae
1-A.bin.12,High-quality,Pseudomonadota,NRPS,NRPS,Halomonadaceae
1-A.bin.12,High-quality,Pseudomonadota,NRPS,NRPS,Halomonadaceae
1-A.bin.12,High-quality,Pseudomonadota,NRPS-like,NRPS,Halomonadaceae
1-A.bin.12,High-quality,Pseudomonadota,NRPS,NRPS,Halomonadaceae
1-A.bin.12,High-quality,Pseudomonadota,NI-siderophore,Others,Halomonadaceae
1-A.bin.12,High-quality,Pseudomonadota,NI-siderophore,Others,Halomonadaceae
1-A.bin.12,High-quality,Pseudomonadota,NRP-metallophore.NRPS,Others,Halomonadaceae
1-A.bin.12,High-quality,Pseudomonadota,T1PKS,PKSI,Halomonadaceae
1-A.bin.12,High-quality,Pseudomonadota,RiPP-like,RiPPs,Halomonadaceae
1-A.bin.12,High-quality,Pseudomonadota,NRPS,NRPS,Halomonadaceae
1-A.bin.12,High-quality,Pseudomonadota,resorcinol,Others,Halomonadaceae
1-b.bin.29,High-quality,Pseudomonadota,NRPS,NRPS,Halomonadaceae
1-b.bin.29,High-quality,Pseudomonadota,RiPP-like,RiPPs,Halomonadaceae
1-b.bin.29,High-quality,Pseudomonadota,NRPS,NRPS,Halomonadaceae
1-b.bin.29,High-quality,Pseudomonadota,NRPS,NRPS,Halomonadaceae
1-b.bin.29,High-quality,Pseudomonadota,T1PKS,PKSI,Halomonadaceae
1-b.bin.29,High-quality,Pseudomonadota,NRPS-like,NRPS,Halomonadaceae
1-b.bin.29,High-quality,Pseudomonadota,NI-siderophore,Others,Halomonadaceae
1-b.bin.29,High-quality,Pseudomonadota,NI-siderophore,Others,Halomonadaceae
1-b.bin.29,High-quality,Pseudomonadota,NI-siderophore,Others,Halomonadaceae
1-b.bin.29,High-quality,Pseudomonadota,arylpolyene,Others,Halomonadaceae
1-b.bin.29,High-quality,Pseudomonadota,arylpolyene,Others,Halomonadaceae
1-b.bin.30,High-quality,Actinomycetota,NRPS,NRPS,Microbacteriaceae
1-b.bin.30,High-quality,Actinomycetota,NAPAA,NRPS,Microbacteriaceae
1-b.bin.30,High-quality,Actinomycetota,T3PKS,PKSother,Microbacteriaceae
1-b.bin.6,High-quality,Gemmatimonadota,T3PKS,PKSother,Palauibacteraceae
1-d.bin.22,High-quality,Actinomycetota,T1PKS,PKSI,Pseudonocardiaceae
1-d.bin.22,High-quality,Actinomycetota,RiPP-like,RiPPs,Pseudonocardiaceae
1-d.bin.22,High-quality,Actinomycetota,NI-siderophore,Others,Pseudonocardiaceae
1-d.bin.22,High-quality,Actinomycetota,NI-siderophore,Others,Pseudonocardiaceae
1-d.bin.22,High-quality,Actinomycetota,NI-siderophore,Others,Pseudonocardiaceae
1-d.bin.22,High-quality,Actinomycetota,NRPS-like,NRPS,Pseudonocardiaceae
1-d.bin.22,High-quality,Actinomycetota,hglE-KS,PKSother,Pseudonocardiaceae
1-d.bin.22,High-quality,Actinomycetota,terpene,Terpene,Pseudonocardiaceae
1-d.bin.22,High-quality,Actinomycetota,T1PKS,PKSI,Pseudonocardiaceae
1-d.bin.22,High-quality,Actinomycetota,NRPS-like,NRPS,Pseudonocardiaceae
1-d.bin.22,High-quality,Actinomycetota,NI-siderophore,Others,Pseudonocardiaceae
1-d.bin.22,High-quality,Actinomycetota,NI-siderophore,Others,Pseudonocardiaceae
1-d.bin.22,High-quality,Actinomycetota,T1PKS,PKSI,Pseudonocardiaceae
2-b.bin.27,High-quality,Actinomycetota,lanthipeptide-class-iii,RiPPs,JAICYB01
2-b.bin.27,High-quality,Actinomycetota,terpene,Terpene,JAICYB01
4-B.bin.27,High-quality,Bacteroidota,NRPS-like,NRPS,Flavobacteriaceae
4-B.bin.27,High-quality,Bacteroidota,terpene,Terpene,Flavobacteriaceae
4-B.bin.27,High-quality,Bacteroidota,RRE-containing,RiPPs,Flavobacteriaceae
4-B.bin.27,High-quality,Bacteroidota,arylpolyene,Others,Flavobacteriaceae
4-B.bin.27,High-quality,Bacteroidota,resorcinol,Others,Flavobacteriaceae
4-B.bin.27,High-quality,Bacteroidota,arylpolyene,Others,Flavobacteriaceae
4-B.bin.27,High-quality,Bacteroidota,arylpolyene,Others,Flavobacteriaceae
4-B.bin.27,High-quality,Bacteroidota,NI-siderophore,Others,Flavobacteriaceae
4-B.bin.27,High-quality,Bacteroidota,NI-siderophore,Others,Flavobacteriaceae
4-B.bin.27,High-quality,Bacteroidota,RRE-containing,RiPPs,Flavobacteriaceae
4-B.bin.27,High-quality,Bacteroidota,RiPP-like,RiPPs,Flavobacteriaceae
4-C.bin.25,High-quality,Planctomycetota,terpene,Terpene,Planctomycetaceae
4-C.bin.25,High-quality,Planctomycetota,terpene,Terpene,Planctomycetaceae
4-C.bin.25,High-quality,Planctomycetota,T3PKS,PKSother,Planctomycetaceae
4-C.bin.25,High-quality,Planctomycetota,RRE-containing,RiPPs,Planctomycetaceae
4-D.bin.19,High-quality,Acidobacteriota,ladderane,Others,JAIOJS01
4-D.bin.19,High-quality,Acidobacteriota,arylpolyene,Others,JAIOJS01
4-D.bin.19,High-quality,Acidobacteriota,NRPS-like,NRPS,JAIOJS01
4-D.bin.19,High-quality,Acidobacteriota,T1PKS,PKSI,JAIOJS01
4-D.bin.19,High-quality,Acidobacteriota,RiPP-like,RiPPs,JAIOJS01
4-D.bin.19,High-quality,Acidobacteriota,T1PKS,PKSI,JAIOJS01
4-D.bin.19,High-quality,Acidobacteriota,T1PKS.NRPS,PKS-NRP_Hybrids,JAIOJS01
4-D.bin.19,High-quality,Acidobacteriota,NRPS-like,NRPS,JAIOJS01
4-D.bin.19,High-quality,Acidobacteriota,lanthipeptide-class-ii,RiPPs,JAIOJS01
4-D.bin.19,High-quality,Acidobacteriota,T3PKS,PKSother,JAIOJS01
4-D.bin.19,High-quality,Acidobacteriota,T1PKS,PKSI,JAIOJS01
4-D.bin.19,High-quality,Acidobacteriota,NRPS-like,NRPS,JAIOJS01
4-D.bin.19,High-quality,Acidobacteriota,T1PKS,PKSI,JAIOJS01
4-D.bin.19,High-quality,Acidobacteriota,T1PKS,PKSI,JAIOJS01
4-D.bin.3,High-quality,Pseudomonadota,arylpolyene,Others,Wenzhouxiangellaceae
4-D.bin.4,High-quality,Bacteroidota,arylpolyene,Others,Flavobacteriaceae
4-D.bin.4,High-quality,Bacteroidota,arylpolyene,Others,Flavobacteriaceae
4-D.bin.4,High-quality,Bacteroidota,terpene,Terpene,Flavobacteriaceae
5-B.bin.13,High-quality,Bacteroidota,NI-siderophore,Others,Flavobacteriaceae
5-B.bin.13,High-quality,Bacteroidota,NI-siderophore,Others,Flavobacteriaceae
5-B.bin.13,High-quality,Bacteroidota,RiPP-like,RiPPs,Flavobacteriaceae
5-B.bin.13,High-quality,Bacteroidota,NRPS-like,NRPS,Flavobacteriaceae
5-B.bin.13,High-quality,Bacteroidota,RRE-containing,RiPPs,Flavobacteriaceae
5-B.bin.13,High-quality,Bacteroidota,NRPS-like,NRPS,Flavobacteriaceae
5-B.bin.13,High-quality,Bacteroidota,terpene,Terpene,Flavobacteriaceae
5-B.bin.13,High-quality,Bacteroidota,arylpolyene,Others,Flavobacteriaceae
5-B.bin.13,High-quality,Bacteroidota,arylpolyene,Others,Flavobacteriaceae
5-B.bin.13,High-quality,Bacteroidota,arylpolyene,Others,Flavobacteriaceae
5-B.bin.13,High-quality,Bacteroidota,resorcinol,Others,Flavobacteriaceae
5-B.bin.13,High-quality,Bacteroidota,RRE-containing,RiPPs,Flavobacteriaceae
5-C.bin.12,High-quality,Pseudomonadota,NRPS-like,NRPS,Porticoccaceae
5-C.bin.40,High-quality,Bacillota,T3PKS,PKSother,Fictibacillaceae
5-C.bin.40,High-quality,Bacillota,NI-siderophore,Others,Fictibacillaceae
5-C.bin.40,High-quality,Bacillota,NI-siderophore,Others,Fictibacillaceae
5-C.bin.40,High-quality,Bacillota,RiPP-like,RiPPs,Fictibacillaceae
5-C.bin.40,High-quality,Bacillota,RiPP-like,RiPPs,Fictibacillaceae
5-C.bin.40,High-quality,Bacillota,terpene,Terpene,Fictibacillaceae
5-C.bin.40,High-quality,Bacillota,RiPP-like,RiPPs,Fictibacillaceae
5-C.bin.40,High-quality,Bacillota,RiPP-like,RiPPs,Fictibacillaceae
5-C.bin.44,High-quality,Bacteroidota,T3PKS,PKSother,Balneolaceae
5-C.bin.44,High-quality,Bacteroidota,terpene,Terpene,Balneolaceae
5-C.bin.53,High-quality,KSB1,NRPS,NRPS,N075bin58
5-C.bin.53,High-quality,KSB1,NRPS,NRPS,N075bin58
5-C.bin.53,High-quality,KSB1,T1PKS,PKSI,N075bin58
5-C.bin.53,High-quality,KSB1,NRPS-like,NRPS,N075bin58
5-C.bin.53,High-quality,KSB1,transAT-PKS-like,PKSother,N075bin58
5-C.bin.53,High-quality,KSB1,NRPS-like,NRPS,N075bin58
5-C.bin.53,High-quality,KSB1,NRPS-like,NRPS,N075bin58
5-C.bin.53,High-quality,KSB1,NRPS,NRPS,N075bin58
5-C.bin.53,High-quality,KSB1,transAT-PKS-like,PKSother,N075bin58
5-C.bin.53,High-quality,KSB1,NRPS,NRPS,N075bin58
5-C.bin.53,High-quality,KSB1,NRPS,NRPS,N075bin58
5-C.bin.53,High-quality,KSB1,NRPS,NRPS,N075bin58
5-C.bin.53,High-quality,KSB1,T1PKS,PKSI,N075bin58
5-C.bin.53,High-quality,KSB1,transAT-PKS-like,PKSother,N075bin58
5-C.bin.53,High-quality,KSB1,NRPS,NRPS,N075bin58
5-C.bin.53,High-quality,KSB1,transAT-PKS-like,PKSother,N075bin58
5-C.bin.53,High-quality,KSB1,NRPS,NRPS,N075bin58
5-C.bin.53,High-quality,KSB1,transAT-PKS-like,PKSother,N075bin58
5-C.bin.53,High-quality,KSB1,transAT-PKS-like,PKSother,N075bin58
5-C.bin.53,High-quality,KSB1,transAT-PKS-like,PKSother,N075bin58
5-C.bin.53,High-quality,KSB1,transAT-PKS-like,PKSother,N075bin58
5-C.bin.53,High-quality,KSB1,NRPS,NRPS,N075bin58
5-C.bin.53,High-quality,KSB1,transAT-PKS-like,PKSother,N075bin58
5-C.bin.53,High-quality,KSB1,NRPS,NRPS,N075bin58
5-D.bin.45,High-quality,Actinomycetota,NRPS-like,NRPS,JACPCJ01
6-C.bin.42,High-quality,Pseudomonadota,arylpolyene,Others,SG8-41
6-C.bin.42,High-quality,Pseudomonadota,NRPS-like,NRPS,SG8-41
6-C.bin.42,High-quality,Pseudomonadota,NRPS-like,NRPS,SG8-41
7-B.bin.13,High-quality,Pseudomonadota,indole,Others,SZUA-36
7-c.bin.59,High-quality,Pseudomonadota,terpene,Terpene,HK1
7-c.bin.59,High-quality,Pseudomonadota,terpene,Terpene,HK1
7-c.bin.59,High-quality,Pseudomonadota,NRPS-like,NRPS,HK1
7-c.bin.59,High-quality,Pseudomonadota,hglE-KS,PKSother,HK1
7-c.bin.59,High-quality,Pseudomonadota,hglE-KS,PKSother,HK1
7-c.bin.59,High-quality,Pseudomonadota,T1PKS,PKSI,HK1
8-a.bin.3,High-quality,Actinomycetota,terpene,Terpene,Pseudonocardiaceae
8-a.bin.3,High-quality,Actinomycetota,NI-siderophore,Others,Pseudonocardiaceae
8-a.bin.3,High-quality,Actinomycetota,NI-siderophore,Others,Pseudonocardiaceae
8-a.bin.3,High-quality,Actinomycetota,NRPS,NRPS,Pseudonocardiaceae
8-a.bin.3,High-quality,Actinomycetota,T3PKS,PKSother,Pseudonocardiaceae
8-B.bin.11,High-quality,Acidobacteriota,NRPS,NRPS,Gp7-AA8
8-B.bin.11,High-quality,Acidobacteriota,NRPS,NRPS,Gp7-AA8
8-B.bin.11,High-quality,Acidobacteriota,RRE-containing,RiPPs,Gp7-AA8
8-B.bin.11,High-quality,Acidobacteriota,indole,Others,Gp7-AA8
8-B.bin.11,High-quality,Acidobacteriota,lanthipeptide-class-iv,RiPPs,Gp7-AA8
8-B.bin.11,High-quality,Acidobacteriota,NRPS,NRPS,Gp7-AA8
8-B.bin.11,High-quality,Acidobacteriota,NRPS,NRPS,Gp7-AA8
8-B.bin.11,High-quality,Acidobacteriota,RiPP-like,RiPPs,Gp7-AA8
8-B.bin.11,High-quality,Acidobacteriota,RRE-containing,RiPPs,Gp7-AA8
8-B.bin.11,High-quality,Acidobacteriota,NRPS,NRPS,Gp7-AA8
8-B.bin.11,High-quality,Acidobacteriota,transAT-PKS-like,PKSother,Gp7-AA8
8-B.bin.11,High-quality,Acidobacteriota,T3PKS,PKSother,Gp7-AA8
8-B.bin.11,High-quality,Acidobacteriota,lanthipeptide-class-ii,RiPPs,Gp7-AA8
9-A.bin.24,High-quality,Pseudomonadota,arylpolyene,Others,SZUA-152
9-A.bin.24,High-quality,Pseudomonadota,resorcinol,Others,SZUA-152
9-A.bin.24,High-quality,Pseudomonadota,NRPS-like,NRPS,SZUA-152
9-A.bin.24,High-quality,Pseudomonadota,NRPS-like,NRPS,SZUA-152
9-A.bin.24,High-quality,Pseudomonadota,NRPS-like,NRPS,SZUA-152
9-A.bin.24,High-quality,Pseudomonadota,NRPS-like,NRPS,SZUA-152
9-A.bin.24,High-quality,Pseudomonadota,arylpolyene,Others,SZUA-152
9-A.bin.59,High-quality,Pseudomonadota,NRPS-like,NRPS,CAJVXG01
9-A.bin.59,High-quality,Pseudomonadota,terpene,Terpene,CAJVXG01
9-A.bin.59,High-quality,Pseudomonadota,terpene,Terpene,CAJVXG01
9-A.bin.81,High-quality,Bacteroidota,terpene,Terpene,Balneolaceae
9-A.bin.81,High-quality,Bacteroidota,T3PKS,PKSother,Balneolaceae
9-C.bin.2,High-quality,Pseudomonadota,arylpolyene,Others,Wenzhouxiangellaceae
9-C.bin.2,High-quality,Pseudomonadota,lanthipeptide-class-ii,RiPPs,Wenzhouxiangellaceae
9-C.bin.2,High-quality,Pseudomonadota,resorcinol,Others,Wenzhouxiangellaceae
9-D.bin.15,High-quality,Chloroflexota,NRPS-like,NRPS,UBA3495
9-D.bin.15,High-quality,Chloroflexota,terpene,Terpene,UBA3495
9-D.bin.15,High-quality,Chloroflexota,terpene,Terpene,UBA3495
9-D.bin.29,High-quality,Pseudomonadota,phosphonate,Others,UBA4486
9-D.bin.29,High-quality,Pseudomonadota,terpene,Terpene,UBA4486
9-D.bin.29,High-quality,Pseudomonadota,terpene,Terpene,UBA4486
9-D.bin.34,High-quality,Acidobacteriota,RiPP-like,RiPPs,UBA5704
9-D.bin.34,High-quality,Acidobacteriota,ladderane,Others,UBA5704
9-D.bin.34,High-quality,Acidobacteriota,NRPS-like,NRPS,UBA5704
9-D.bin.34,High-quality,Acidobacteriota,terpene,Terpene,UBA5704
9-D.bin.55,High-quality,Gemmatimonadota,terpene,Terpene,GWC2-71-9
9-D.bin.55,High-quality,Gemmatimonadota,NRPS-like,NRPS,GWC2-71-9
9-D.bin.55,High-quality,Gemmatimonadota,T1PKS,PKSI,GWC2-71-9
9-D.bin.55,High-quality,Gemmatimonadota,NRPS-like,NRPS,GWC2-71-9
9-D.bin.55,High-quality,Gemmatimonadota,NRPS.T1PKS,PKS-NRP_Hybrids,GWC2-71-9
9-D.bin.55,High-quality,Gemmatimonadota,NRPS,NRPS,GWC2-71-9
ERR13934205.bin.11,High-quality,Desulfobacterota,terpene,Terpene,Pseudopelobacteraceae
ERR13934205.bin.11,High-quality,Desulfobacterota,hglE-KS.T1PKS,PKSother,Pseudopelobacteraceae
ERR13934205.bin.11,High-quality,Desulfobacterota,hglE-KS,PKSother,Pseudopelobacteraceae
ERR13934205.bin.11,High-quality,Desulfobacterota,terpene,Terpene,Pseudopelobacteraceae
ERR13934205.bin.11,High-quality,Desulfobacterota,NRPS-like,NRPS,Pseudopelobacteraceae
ERR13934205.bin.17,High-quality,Desulfobacterota,T1PKS,PKSI,Desulfobacteraceae
ERR13934205.bin.17,High-quality,Desulfobacterota,hglE-KS,PKSother,Desulfobacteraceae
ERR13934205.bin.17,High-quality,Desulfobacterota,NRPS,NRPS,Desulfobacteraceae
ERR13934205.bin.17,High-quality,Desulfobacterota,hglE-KS,PKSother,Desulfobacteraceae
ERR13934205.bin.17,High-quality,Desulfobacterota,T1PKS,PKSI,Desulfobacteraceae
ERR13934205.bin.17,High-quality,Desulfobacterota,RiPP-like,RiPPs,Desulfobacteraceae
ERR13934208.bin.4,High-quality,Elusimicrobiota,terpene,Terpene,UBA9959
ERR13934208.bin.4,High-quality,Elusimicrobiota,hglE-KS,PKSother,UBA9959
ERR13934208.bin.4,High-quality,Elusimicrobiota,T1PKS.hglE-KS,PKSother,UBA9959
ERR13934208.bin.4,High-quality,Elusimicrobiota,T1PKS,PKSI,UBA9959
ERR13934211.bin.2,High-quality,Elusimicrobiota,terpene,Terpene,UBA9959
ERR13934211.bin.2,High-quality,Elusimicrobiota,T1PKS,PKSI,UBA9959
ERR13934211.bin.26,High-quality,Bacteroidota,RiPP-like,RiPPs,VadinHA17
ERR13934211.bin.26,High-quality,Bacteroidota,terpene,Terpene,VadinHA17
ERR5004944.bin.7,High-quality,Chloroflexota,NRPS-like,NRPS,P2-11E
ERR9527525.bin.22,High-quality,Bacillota_A,ranthipeptide,RiPPs,Thermotaleaceae
ERR9527525.bin.22,High-quality,Bacillota_A,RiPP-like,RiPPs,Thermotaleaceae
ERR9527525.bin.37,High-quality,Bacillota_D,ranthipeptide,RiPPs,Dethiobacteraceae
ERR9527528.bin.13,High-quality,Bacteroidota,transAT-PKS-like.NRPS,PKS-NRP_Hybrids,UBA932
ERR9527528.bin.13,High-quality,Bacteroidota,NRPS,NRPS,UBA932
ERR9527528.bin.20,High-quality,Bacillota_D,RRE-containing,RiPPs,Dethiobacteraceae
ERR9527528.bin.31,High-quality,Bacteroidota,NRPS-like,NRPS,Tenuifilaceae
ERR9527528.bin.31,High-quality,Bacteroidota,ladderane,Others,Tenuifilaceae
ERR9527528.bin.31,High-quality,Bacteroidota,NRPS,NRPS,Tenuifilaceae
ERR9527533.bin.33,High-quality,Bacteroidota,terpene,Terpene,Prolixibacteraceae
ERR9527535.bin.35,High-quality,Desulfobacterota,RiPP-like,RiPPs,Desulfomicrobiaceae
ERR9527535.bin.35,High-quality,Desulfobacterota,RiPP-like,RiPPs,Desulfomicrobiaceae
ERR9527537.bin.16,High-quality,Acidobacteriota,terpene,Terpene,UBA7541
ERR9527537.bin.16,High-quality,Acidobacteriota,T3PKS,PKSother,UBA7541
ERR9527537.bin.16,High-quality,Acidobacteriota,terpene,Terpene,UBA7541
ERR9527537.bin.16,High-quality,Acidobacteriota,NRPS-like,NRPS,UBA7541
SRR16229776.bin.11,High-quality,Pseudomonadota,T1PKS,PKSI,Hyphomonadaceae
SRR16229776.bin.28,High-quality,Pseudomonadota,NRPS-like,NRPS,Steroidobacteraceae
SRR16229776.bin.28,High-quality,Pseudomonadota,T1PKS,PKSI,Steroidobacteraceae
SRR16229776.bin.28,High-quality,Pseudomonadota,hglE-KS,PKSother,Steroidobacteraceae
SRR16229776.bin.28,High-quality,Pseudomonadota,NRPS,NRPS,Steroidobacteraceae
SRR16229776.bin.28,High-quality,Pseudomonadota,arylpolyene,Others,Steroidobacteraceae
SRR16229776.bin.28,High-quality,Pseudomonadota,arylpolyene,Others,Steroidobacteraceae
SRR16229779.bin.23,High-quality,Acidobacteriota,T1PKS,PKSI,SCN-69-37
SRR16229779.bin.23,High-quality,Acidobacteriota,T1PKS,PKSI,SCN-69-37
SRR16229779.bin.23,High-quality,Acidobacteriota,NRPS,NRPS,SCN-69-37
SRR16229779.bin.23,High-quality,Acidobacteriota,NRPS,NRPS,SCN-69-37
SRR16229779.bin.23,High-quality,Acidobacteriota,NRPS-like,NRPS,SCN-69-37
SRR16229779.bin.23,High-quality,Acidobacteriota,NRPS,NRPS,SCN-69-37
SRR16229779.bin.23,High-quality,Acidobacteriota,NRPS,NRPS,SCN-69-37
SRR16229779.bin.23,High-quality,Acidobacteriota,NRPS-like,NRPS,SCN-69-37
SRR16229779.bin.23,High-quality,Acidobacteriota,T1PKS,PKSI,SCN-69-37
SRR16229779.bin.23,High-quality,Acidobacteriota,NRPS-like,NRPS,SCN-69-37
SRR16229779.bin.23,High-quality,Acidobacteriota,lanthipeptide-class-ii,RiPPs,SCN-69-37
SRR16229779.bin.23,High-quality,Acidobacteriota,T1PKS,PKSI,SCN-69-37
SRR16229781.bin.1,High-quality,Pseudomonadota,hglE-KS,PKSother,Shewanellaceae
SRR16229781.bin.1,High-quality,Pseudomonadota,NI-siderophore,Others,Shewanellaceae
SRR16229781.bin.1,High-quality,Pseudomonadota,RiPP-like,RiPPs,Shewanellaceae
SRR16229781.bin.1,High-quality,Pseudomonadota,hglE-KS.PUFA,Others,Shewanellaceae
SRR16229781.bin.1,High-quality,Pseudomonadota,arylpolyene,Others,Shewanellaceae
SRR16229781.bin.1,High-quality,Pseudomonadota,arylpolyene,Others,Shewanellaceae
SRR16229781.bin.10,High-quality,Gemmatimonadota,NRPS,NRPS,Gemmatimonadaceae
SRR16229782.bin.19,High-quality,Myxococcota,NRPS-like,NRPS,Polyangiaceae
SRR16229782.bin.19,High-quality,Myxococcota,arylpolyene,Others,Polyangiaceae
SRR16229782.bin.19,High-quality,Myxococcota,arylpolyene,Others,Polyangiaceae
SRR16229782.bin.19,High-quality,Myxococcota,NRPS-like,NRPS,Polyangiaceae
SRR16229782.bin.19,High-quality,Myxococcota,NRPS,NRPS,Polyangiaceae
SRR16229782.bin.19,High-quality,Myxococcota,T1PKS.NRPS-like,PKS-NRP_Hybrids,Polyangiaceae
SRR16229785.bin.13,High-quality,Pseudomonadota,T3PKS,PKSother,Sphingomonadaceae
SRR16229785.bin.13,High-quality,Pseudomonadota,terpene,Terpene,Sphingomonadaceae
SRR16229787.bin.8,High-quality,Myxococcota,NRPS-like,NRPS,Haliangiaceae
SRR16229787.bin.8,High-quality,Myxococcota,terpene,Terpene,Haliangiaceae
SRR16229787.bin.8,High-quality,Myxococcota,RiPP-like,RiPPs,Haliangiaceae
SRR16229787.bin.8,High-quality,Myxococcota,NRPS-like,NRPS,Haliangiaceae
SRR16229787.bin.8,High-quality,Myxococcota,RRE-containing,RiPPs,Haliangiaceae
SRR16229787.bin.8,High-quality,Myxococcota,NRPS-like,NRPS,Haliangiaceae
SRR16229787.bin.8,High-quality,Myxococcota,RRE-containing,RiPPs,Haliangiaceae
SRR19594459.bin.41,High-quality,Cyanobacteriota,NI-siderophore,Others,SIO1D9
SRR19594459.bin.41,High-quality,Cyanobacteriota,NI-siderophore,Others,SIO1D9
SRR19594459.bin.41,High-quality,Cyanobacteriota,terpene,Terpene,SIO1D9
SRR19594459.bin.56,High-quality,Pseudomonadota,T3PKS,PKSother,Sphingomonadaceae
SRR19594459.bin.56,High-quality,Pseudomonadota,terpene,Terpene,Sphingomonadaceae
SRR19594459.bin.56,High-quality,Pseudomonadota,terpene,Terpene,Sphingomonadaceae
SRR19594459.bin.66,High-quality,Pseudomonadota,NRPS-like,NRPS,Cellvibrionaceae
SRR19594459.bin.66,High-quality,Pseudomonadota,lanthipeptide-class-iv,RiPPs,Cellvibrionaceae
SRR19594459.bin.66,High-quality,Pseudomonadota,T1PKS,PKSI,Cellvibrionaceae
SRR19594459.bin.66,High-quality,Pseudomonadota,T1PKS,PKSI,Cellvibrionaceae
SRR19594459.bin.66,High-quality,Pseudomonadota,NRPS-like,NRPS,Cellvibrionaceae
SRR19594459.bin.66,High-quality,Pseudomonadota,NRPS,NRPS,Cellvibrionaceae
SRR19594459.bin.66,High-quality,Pseudomonadota,transAT-PKS-like,PKSother,Cellvibrionaceae
SRR19594459.bin.66,High-quality,Pseudomonadota,transAT-PKS-like,PKSother,Cellvibrionaceae
SRR19594459.bin.66,High-quality,Pseudomonadota,transAT-PKS-like.NRPS-like,PKS-NRP_Hybrids,Cellvibrionaceae
SRR19594459.bin.66,High-quality,Pseudomonadota,NRPS-like,NRPS,Cellvibrionaceae
SRR19594460.bin.16,High-quality,Nitrospirota,terpene,Terpene,UBA8639
SRR19594460.bin.16,High-quality,Nitrospirota,phosphonate,Others,UBA8639
SRR19594460.bin.16,High-quality,Nitrospirota,RiPP-like,RiPPs,UBA8639
SRR19594460.bin.16,High-quality,Nitrospirota,arylpolyene,Others,UBA8639
SRR19594460.bin.16,High-quality,Nitrospirota,RiPP-like,RiPPs,UBA8639
SRR19594460.bin.16,High-quality,Nitrospirota,terpene,Terpene,UBA8639
SRR19594460.bin.16,High-quality,Nitrospirota,NRPS-like,NRPS,UBA8639
SRR19594464.bin.26,High-quality,Gemmatimonadota,RiPP-like,RiPPs,GWC2-71-9
SRR19594464.bin.26,High-quality,Gemmatimonadota,terpene,Terpene,GWC2-71-9
SRR19594464.bin.26,High-quality,Gemmatimonadota,RRE-containing,RiPPs,GWC2-71-9
SRR19594464.bin.26,High-quality,Gemmatimonadota,RRE-containing,RiPPs,GWC2-71-9
SRR19594465.bin.18,High-quality,Pseudomonadota,terpene,Terpene,Wenzhouxiangellaceae
SRR19594465.bin.18,High-quality,Pseudomonadota,terpene,Terpene,Wenzhouxiangellaceae
SRR19594465.bin.18,High-quality,Pseudomonadota,terpene,Terpene,Wenzhouxiangellaceae
SRR19594465.bin.43,High-quality,Acidobacteriota,RiPP-like,RiPPs,UBA5704
SRR19594465.bin.43,High-quality,Acidobacteriota,NRPS,NRPS,UBA5704
SRR19594465.bin.43,High-quality,Acidobacteriota,T1PKS,PKSI,UBA5704
SRR19594465.bin.43,High-quality,Acidobacteriota,NRPS,NRPS,UBA5704
SRR19594465.bin.43,High-quality,Acidobacteriota,lanthipeptide-class-ii,RiPPs,UBA5704
SRR19594465.bin.43,High-quality,Acidobacteriota,NRPS,NRPS,UBA5704
SRR19594465.bin.43,High-quality,Acidobacteriota,NRPS-like,NRPS,UBA5704
SRR19594465.bin.43,High-quality,Acidobacteriota,T1PKS.NRPS,PKS-NRP_Hybrids,UBA5704
SRR19594465.bin.43,High-quality,Acidobacteriota,NRPS,NRPS,UBA5704
SRR19594465.bin.43,High-quality,Acidobacteriota,NRPS,NRPS,UBA5704
SRR19594465.bin.43,High-quality,Acidobacteriota,NRPS,NRPS,UBA5704
SRR19594465.bin.43,High-quality,Acidobacteriota,NRPS,NRPS,UBA5704
SRR19594465.bin.43,High-quality,Acidobacteriota,T1PKS,PKSI,UBA5704
SRR19594465.bin.43,High-quality,Acidobacteriota,T3PKS,PKSother,UBA5704
SRR19594465.bin.43,High-quality,Acidobacteriota,NRPS,NRPS,UBA5704
SRR19594465.bin.43,High-quality,Acidobacteriota,NRPS,NRPS,UBA5704
SRR19594465.bin.43,High-quality,Acidobacteriota,T1PKS.NRPS,PKS-NRP_Hybrids,UBA5704
SRR19594465.bin.43,High-quality,Acidobacteriota,NRPS,NRPS,UBA5704
SRR19594465.bin.43,High-quality,Acidobacteriota,NRPS,NRPS,UBA5704
SRR19594465.bin.43,High-quality,Acidobacteriota,terpene,Terpene,UBA5704
SRR19594465.bin.43,High-quality,Acidobacteriota,ladderane,Others,UBA5704
SRR19594465.bin.43,High-quality,Acidobacteriota,lanthipeptide-class-ii,RiPPs,UBA5704
SRR19594465.bin.43,High-quality,Acidobacteriota,NRPS,NRPS,UBA5704
SRR19594465.bin.43,High-quality,Acidobacteriota,NRPS,NRPS,UBA5704
SRR19594465.bin.43,High-quality,Acidobacteriota,NRPS,NRPS,UBA5704
SRR19594465.bin.43,High-quality,Acidobacteriota,T1PKS,PKSI,UBA5704
SRR19594465.bin.43,High-quality,Acidobacteriota,NRPS,NRPS,UBA5704
SRR19594465.bin.43,High-quality,Acidobacteriota,NRPS,NRPS,UBA5704
SRR19594465.bin.43,High-quality,Acidobacteriota,NRPS,NRPS,UBA5704
SRR19594465.bin.43,High-quality,Acidobacteriota,NRPS,NRPS,UBA5704
SRR19594465.bin.43,High-quality,Acidobacteriota,NRPS,NRPS,UBA5704
SRR19594465.bin.43,High-quality,Acidobacteriota,RiPP-like,RiPPs,UBA5704
SRR19594465.bin.43,High-quality,Acidobacteriota,NRPS-like,NRPS,UBA5704
SRR19594465.bin.43,High-quality,Acidobacteriota,NRPS.T1PKS,PKS-NRP_Hybrids,UBA5704
SRR19594465.bin.43,High-quality,Acidobacteriota,NRPS,NRPS,UBA5704
SRR19594465.bin.43,High-quality,Acidobacteriota,T1PKS.NRPS,PKS-NRP_Hybrids,UBA5704
SRR19594465.bin.43,High-quality,Acidobacteriota,NRPS,NRPS,UBA5704
SRR19594465.bin.43,High-quality,Acidobacteriota,T1PKS,PKSI,UBA5704
SRR19594465.bin.43,High-quality,Acidobacteriota,T1PKS.NRPS,PKS-NRP_Hybrids,UBA5704
SRR19594465.bin.43,High-quality,Acidobacteriota,T1PKS,PKSI,UBA5704
SRR19594465.bin.43,High-quality,Acidobacteriota,NRPS,NRPS,UBA5704
SRR19594465.bin.43,High-quality,Acidobacteriota,NRPS,NRPS,UBA5704
SRR19594465.bin.43,High-quality,Acidobacteriota,NRPS,NRPS,UBA5704
SRR19594465.bin.43,High-quality,Acidobacteriota,NRPS,NRPS,UBA5704
SRR19594465.bin.43,High-quality,Acidobacteriota,NRPS-like,NRPS,UBA5704
SRR19594465.bin.43,High-quality,Acidobacteriota,NRPS,NRPS,UBA5704
SRR19594465.bin.43,High-quality,Acidobacteriota,NRPS,NRPS,UBA5704
SRR19594466.bin.10,High-quality,Acidobacteriota,RiPP-like,RiPPs,UBA5704
SRR19594466.bin.10,High-quality,Acidobacteriota,NRPS-like,NRPS,UBA5704
SRR19594466.bin.10,High-quality,Acidobacteriota,lanthipeptide-class-ii,RiPPs,UBA5704
SRR19594466.bin.10,High-quality,Acidobacteriota,lanthipeptide-class-ii,RiPPs,UBA5704
SRR19594466.bin.10,High-quality,Acidobacteriota,T1PKS,PKSI,UBA5704
SRR19594466.bin.10,High-quality,Acidobacteriota,RRE-containing,RiPPs,UBA5704
SRR19594466.bin.10,High-quality,Acidobacteriota,RiPP-like,RiPPs,UBA5704
SRR19594466.bin.10,High-quality,Acidobacteriota,T3PKS,PKSother,UBA5704
SRR19594466.bin.10,High-quality,Acidobacteriota,lanthipeptide-class-ii,RiPPs,UBA5704
SRR19594466.bin.10,High-quality,Acidobacteriota,ladderane,Others,UBA5704
SRR19594466.bin.10,High-quality,Acidobacteriota,ranthipeptide,RiPPs,UBA5704
SRR19594466.bin.10,High-quality,Acidobacteriota,T3PKS,PKSother,UBA5704
SRR19594466.bin.10,High-quality,Acidobacteriota,NRPS-like,NRPS,UBA5704
SRR19594466.bin.10,High-quality,Acidobacteriota,terpene,Terpene,UBA5704
SRR19594467.bin.56,High-quality,Actinomycetota,terpene,Terpene,JACDCH01
SRR19594467.bin.56,High-quality,Actinomycetota,NRPS-like,NRPS,JACDCH01
SRR19594468.bin.46,High-quality,Gemmatimonadota,hglE-KS,PKSother,UBA6960
SRR19594468.bin.46,High-quality,Gemmatimonadota,NRPS-like,NRPS,UBA6960
SRR19594468.bin.46,High-quality,Gemmatimonadota,NRPS,NRPS,UBA6960
SRR19594468.bin.46,High-quality,Gemmatimonadota,T1PKS.NRPS,PKS-NRP_Hybrids,UBA6960
SRR19594468.bin.46,High-quality,Gemmatimonadota,NRPS-like,NRPS,UBA6960
SRR19594468.bin.46,High-quality,Gemmatimonadota,NRPS-like,NRPS,UBA6960
SRR19594468.bin.46,High-quality,Gemmatimonadota,T1PKS,PKSI,UBA6960
SRR19594468.bin.46,High-quality,Gemmatimonadota,ranthipeptide,RiPPs,UBA6960
SRR19594468.bin.46,High-quality,Gemmatimonadota,RiPP-like,RiPPs,UBA6960
SRR19594468.bin.46,High-quality,Gemmatimonadota,T3PKS,PKSother,UBA6960
SRR19594468.bin.5,High-quality,Desulfobacterota_E,T3PKS,PKSother,Deferrimicrobiaceae
SRR19594468.bin.52,High-quality,Pseudomonadota,NRPS-like,NRPS,HK1
SRR19594468.bin.52,High-quality,Pseudomonadota,NRPS,NRPS,HK1
SRR19594468.bin.52,High-quality,Pseudomonadota,NRPS-like,NRPS,HK1
SRR19594468.bin.52,High-quality,Pseudomonadota,terpene,Terpene,HK1
SRR19594468.bin.52,High-quality,Pseudomonadota,terpene,Terpene,HK1
SRR19594468.bin.52,High-quality,Pseudomonadota,RiPP-like,RiPPs,HK1
SRR19594469.bin.35,High-quality,Pseudomonadota,NRPS-like,NRPS,XN24
SRR19594469.bin.38,High-quality,Acidobacteriota,ladderane,Others,UBA5704
SRR19594469.bin.38,High-quality,Acidobacteriota,hglE-KS,PKSother,UBA5704
SRR19594469.bin.38,High-quality,Acidobacteriota,lanthipeptide-class-ii,RiPPs,UBA5704
SRR19594469.bin.38,High-quality,Acidobacteriota,terpene,Terpene,UBA5704
SRR19594469.bin.38,High-quality,Acidobacteriota,NRPS,NRPS,UBA5704
SRR19594469.bin.38,High-quality,Acidobacteriota,RiPP-like,RiPPs,UBA5704
SRR19594469.bin.38,High-quality,Acidobacteriota,RiPP-like,RiPPs,UBA5704
SRR19594469.bin.38,High-quality,Acidobacteriota,RiPP-like,RiPPs,UBA5704
SRR19594469.bin.38,High-quality,Acidobacteriota,RiPP-like,RiPPs,UBA5704
SRR19594469.bin.38,High-quality,Acidobacteriota,NRPS,NRPS,UBA5704
SRR19594469.bin.38,High-quality,Acidobacteriota,NRPS,NRPS,UBA5704
SRR19594469.bin.38,High-quality,Acidobacteriota,NRPS,NRPS,UBA5704
SRR19594469.bin.38,High-quality,Acidobacteriota,T3PKS,PKSother,UBA5704
SRR19594469.bin.38,High-quality,Acidobacteriota,lanthipeptide-class-ii,RiPPs,UBA5704
SRR19594469.bin.38,High-quality,Acidobacteriota,RRE-containing,RiPPs,UBA5704
SRR19594469.bin.38,High-quality,Acidobacteriota,NRPS-like,NRPS,UBA5704
SRR19594469.bin.38,High-quality,Acidobacteriota,T1PKS.NRPS,PKS-NRP_Hybrids,UBA5704
SRR19594469.bin.38,High-quality,Acidobacteriota,NRPS,NRPS,UBA5704
SRR19594469.bin.38,High-quality,Acidobacteriota,NRPS,NRPS,UBA5704
SRR19594469.bin.38,High-quality,Acidobacteriota,NRPS,NRPS,UBA5704
SRR19594469.bin.38,High-quality,Acidobacteriota,RRE-containing,RiPPs,UBA5704
SRR19594469.bin.38,High-quality,Acidobacteriota,NRPS-like,NRPS,UBA5704
SRR19594469.bin.38,High-quality,Acidobacteriota,NRPS,NRPS,UBA5704
SRR19594469.bin.38,High-quality,Acidobacteriota,NRPS,NRPS,UBA5704
SRR19594469.bin.38,High-quality,Acidobacteriota,NRPS,NRPS,UBA5704
SRR19594469.bin.38,High-quality,Acidobacteriota,NRPS,NRPS,UBA5704
SRR19594469.bin.38,High-quality,Acidobacteriota,NRPS,NRPS,UBA5704
SRR19594469.bin.38,High-quality,Acidobacteriota,NRPS,NRPS,UBA5704
SRR19594469.bin.38,High-quality,Acidobacteriota,NRPS-like,NRPS,UBA5704
SRR19594469.bin.38,High-quality,Acidobacteriota,NRPS,NRPS,UBA5704
SRR19594469.bin.38,High-quality,Acidobacteriota,NRPS,NRPS,UBA5704
SRR19594469.bin.38,High-quality,Acidobacteriota,NRPS,NRPS,UBA5704
SRR19594469.bin.38,High-quality,Acidobacteriota,NRPS,NRPS,UBA5704
SRR19594469.bin.38,High-quality,Acidobacteriota,NRPS,NRPS,UBA5704
SRR19594469.bin.38,High-quality,Acidobacteriota,NRPS,NRPS,UBA5704
SRR19594469.bin.38,High-quality,Acidobacteriota,NRPS,NRPS,UBA5704
SRR19594469.bin.38,High-quality,Acidobacteriota,NRPS,NRPS,UBA5704
SRR21412969.bin.18,High-quality,Pseudomonadota,NRPS-like,NRPS,Halofilaceae
SRR21412969.bin.18,High-quality,Pseudomonadota,arylpolyene,Others,Halofilaceae
SRR21412969.bin.18,High-quality,Pseudomonadota,arylpolyene,Others,Halofilaceae
SRR21412969.bin.29,High-quality,Actinomycetota,butyrolactone,Others,Egibacteraceae
SRR21412969.bin.29,High-quality,Actinomycetota,NRPS,NRPS,Egibacteraceae
SRR21412969.bin.29,High-quality,Actinomycetota,NRPS-like,NRPS,Egibacteraceae
SRR21412969.bin.29,High-quality,Actinomycetota,NRPS,NRPS,Egibacteraceae
SRR21412969.bin.29,High-quality,Actinomycetota,NRPS,NRPS,Egibacteraceae
SRR21412969.bin.29,High-quality,Actinomycetota,terpene,Terpene,Egibacteraceae
SRR21412969.bin.34,High-quality,Pseudomonadota,arylpolyene,Others,Wenzhouxiangellaceae
SRR21412972.bin.10,High-quality,Bacteroidota,T3PKS,PKSother,Salinibacteraceae
SRR21412972.bin.4,High-quality,Desulfobacterota,RiPP-like,RiPPs,Desulfosalsimonadaceae
SRR21412975.bin.54,High-quality,Bacteroidota,T3PKS,PKSother,Balneolaceae
SRR21412975.bin.54,High-quality,Bacteroidota,terpene,Terpene,Balneolaceae
SRR21412975.bin.6,High-quality,Nitrospinota,terpene,Terpene,Nitrospinaceae
SRR21412975.bin.6,High-quality,Nitrospinota,terpene,Terpene,Nitrospinaceae
SRR21412975.bin.6,High-quality,Nitrospinota,phosphonate,Others,Nitrospinaceae
SRR21412976.bin.13,High-quality,Actinomycetota,terpene,Terpene,Streptosporangiaceae
SRR21412976.bin.13,High-quality,Actinomycetota,NI-siderophore,Others,Streptosporangiaceae
SRR21412976.bin.13,High-quality,Actinomycetota,NI-siderophore,Others,Streptosporangiaceae
SRR21412976.bin.13,High-quality,Actinomycetota,NI-siderophore,Others,Streptosporangiaceae
SRR21412976.bin.13,High-quality,Actinomycetota,terpene,Terpene,Streptosporangiaceae
SRR21412977.bin.21,High-quality,Planctomycetota,T3PKS,PKSother,Pirellulaceae
SRR21412977.bin.21,High-quality,Planctomycetota,NRPS-like,NRPS,Pirellulaceae
SRR21412977.bin.21,High-quality,Planctomycetota,T1PKS.NRPS,PKS-NRP_Hybrids,Pirellulaceae
SRR21412977.bin.21,High-quality,Planctomycetota,NRPS-like,NRPS,Pirellulaceae
SRR21412977.bin.21,High-quality,Planctomycetota,NRPS-like,NRPS,Pirellulaceae
SRR21412977.bin.21,High-quality,Planctomycetota,terpene,Terpene,Pirellulaceae
SRR21412977.bin.21,High-quality,Planctomycetota,RRE-containing,RiPPs,Pirellulaceae
SRR21412977.bin.26,High-quality,Actinomycetota,NRPS-like,NRPS,Egibacteraceae
SRR21412977.bin.26,High-quality,Actinomycetota,NRPS,NRPS,Egibacteraceae
SRR21412977.bin.26,High-quality,Actinomycetota,indole,Others,Egibacteraceae
SRR21412977.bin.26,High-quality,Actinomycetota,NI-siderophore,Others,Egibacteraceae
SRR21412977.bin.26,High-quality,Actinomycetota,NI-siderophore,Others,Egibacteraceae
SRR21412977.bin.26,High-quality,Actinomycetota,NRPS,NRPS,Egibacteraceae
SRR21412977.bin.54,High-quality,Pseudomonadota,T3PKS,PKSother,Halomonadaceae
SRR21412977.bin.54,High-quality,Pseudomonadota,RiPP-like,RiPPs,Halomonadaceae
SRR21412977.bin.54,High-quality,Pseudomonadota,NI-siderophore,Others,Halomonadaceae
SRR21412977.bin.54,High-quality,Pseudomonadota,NI-siderophore,Others,Halomonadaceae
SRR21412977.bin.54,High-quality,Pseudomonadota,NI-siderophore,Others,Halomonadaceae
SRR21412977.bin.68,High-quality,Deinococcota,T3PKS,PKSother,Trueperaceae
SRR21412978.bin.14,High-quality,Actinomycetota,terpene,Terpene,Unclassified
SRR21412980.bin.14,High-quality,Actinomycetota,terpene,Terpene,Egibacteraceae
SRR21412980.bin.15,High-quality,Actinomycetota,terpene,Terpene,Egibacteraceae
SRR21412981.bin.23,High-quality,Myxococcota,NRPS,NRPS,Myxococcaceae
SRR21412981.bin.23,High-quality,Myxococcota,NRPS-like,NRPS,Myxococcaceae
SRR21412981.bin.23,High-quality,Myxococcota,NRPS,NRPS,Myxococcaceae
SRR21412981.bin.23,High-quality,Myxococcota,RiPP-like,RiPPs,Myxococcaceae
SRR21412981.bin.23,High-quality,Myxococcota,NRPS,NRPS,Myxococcaceae
SRR21412981.bin.23,High-quality,Myxococcota,NRPS,NRPS,Myxococcaceae
SRR21412981.bin.23,High-quality,Myxococcota,T1PKS,PKSI,Myxococcaceae
SRR21412981.bin.23,High-quality,Myxococcota,NRPS,NRPS,Myxococcaceae
SRR21412981.bin.23,High-quality,Myxococcota,NRPS.T1PKS,PKS-NRP_Hybrids,Myxococcaceae
SRR21412981.bin.23,High-quality,Myxococcota,NRPS-like,NRPS,Myxococcaceae
SRR21412981.bin.23,High-quality,Myxococcota,NRPS-like,NRPS,Myxococcaceae
SRR21412981.bin.23,High-quality,Myxococcota,NRPS-like,NRPS,Myxococcaceae
SRR21412981.bin.23,High-quality,Myxococcota,NRPS,NRPS,Myxococcaceae
SRR21412981.bin.23,High-quality,Myxococcota,LAP,RiPPs,Myxococcaceae
SRR21412981.bin.23,High-quality,Myxococcota,RiPP-like,RiPPs,Myxococcaceae
SRR21412981.bin.23,High-quality,Myxococcota,NRPS,NRPS,Myxococcaceae
SRR21412981.bin.23,High-quality,Myxococcota,NRPS,NRPS,Myxococcaceae
SRR21412981.bin.23,High-quality,Myxococcota,NRPS-like,NRPS,Myxococcaceae
SRR21412981.bin.23,High-quality,Myxococcota,NRPS-like,NRPS,Myxococcaceae
SRR21412981.bin.23,High-quality,Myxococcota,NRPS-like,NRPS,Myxococcaceae
SRR21412981.bin.23,High-quality,Myxococcota,NRPS,NRPS,Myxococcaceae
SRR21412981.bin.23,High-quality,Myxococcota,T1PKS,PKSI,Myxococcaceae
SRR21412981.bin.23,High-quality,Myxococcota,T3PKS,PKSother,Myxococcaceae
SRR21412981.bin.23,High-quality,Myxococcota,T1PKS.NRPS,PKS-NRP_Hybrids,Myxococcaceae
SRR21412981.bin.23,High-quality,Myxococcota,LAP,RiPPs,Myxococcaceae
SRR21412981.bin.23,High-quality,Myxococcota,NRPS.T1PKS,PKS-NRP_Hybrids,Myxococcaceae
SRR21412981.bin.23,High-quality,Myxococcota,RiPP-like,RiPPs,Myxococcaceae
SRR21412981.bin.23,High-quality,Myxococcota,RiPP-like,RiPPs,Myxococcaceae
SRR21412981.bin.23,High-quality,Myxococcota,NRPS-like,NRPS,Myxococcaceae
SRR21412981.bin.23,High-quality,Myxococcota,NRPS,NRPS,Myxococcaceae
SRR21412981.bin.23,High-quality,Myxococcota,NRPS,NRPS,Myxococcaceae
SRR21412981.bin.23,High-quality,Myxococcota,NRPS,NRPS,Myxococcaceae
SRR21412981.bin.23,High-quality,Myxococcota,NRPS-like,NRPS,Myxococcaceae
SRR21412981.bin.23,High-quality,Myxococcota,T3PKS,PKSother,Myxococcaceae
SRR21412981.bin.23,High-quality,Myxococcota,indole,Others,Myxococcaceae
SRR21412981.bin.23,High-quality,Myxococcota,RiPP-like,RiPPs,Myxococcaceae
SRR21412983.bin.19,High-quality,Actinomycetota,terpene,Terpene,Egibacteraceae
SRR21412986.bin.18,High-quality,Chloroflexota,hglE-KS,PKSother,UBA11858
SRR21412988.bin.22,High-quality,Actinomycetota,terpene,Terpene,Egibacteraceae
SRR21412988.bin.22,High-quality,Actinomycetota,NRPS.T1PKS,PKS-NRP_Hybrids,Egibacteraceae
SRR21412988.bin.8,High-quality,Bacteroidota,T3PKS,PKSother,Salinibacteraceae
SRR21412988.bin.8,High-quality,Bacteroidota,RRE-containing,RiPPs,Salinibacteraceae
SRR21412991.bin.19,High-quality,Pseudomonadota,NRPS-like,NRPS,Unclassified
SRR21412993.bin.10,High-quality,Actinomycetota,NRPS,NRPS,Propionibacteriaceae
SRR21412993.bin.10,High-quality,Actinomycetota,NRPS-like,NRPS,Propionibacteriaceae
SRR21412993.bin.17,High-quality,Bacillota,resorcinol,Others,Paenibacillaceae
SRR21412993.bin.17,High-quality,Bacillota,terpene,Terpene,Paenibacillaceae
SRR21412993.bin.17,High-quality,Bacillota,NRPS,NRPS,Paenibacillaceae
SRR21412993.bin.17,High-quality,Bacillota,terpene,Terpene,Paenibacillaceae
SRR21412993.bin.17,High-quality,Bacillota,T3PKS,PKSother,Paenibacillaceae
SRR21412994.bin.5,High-quality,Pseudomonadota,arylpolyene,Others,Halofilaceae
SRR21412994.bin.5,High-quality,Pseudomonadota,arylpolyene,Others,Halofilaceae
SRR21412994.bin.5,High-quality,Pseudomonadota,NRPS-like,NRPS,Halofilaceae
SRR21412995.bin.59,High-quality,Bacteroidota,arylpolyene,Others,PHOS-HE28
SRR21412995.bin.59,High-quality,Bacteroidota,T1PKS,PKSI,PHOS-HE28
SRR21412995.bin.59,High-quality,Bacteroidota,arylpolyene,Others,PHOS-HE28
SRR21412995.bin.59,High-quality,Bacteroidota,arylpolyene,Others,PHOS-HE28
SRR21412995.bin.59,High-quality,Bacteroidota,resorcinol,Others,PHOS-HE28
SRR21413000.bin.13,High-quality,Pseudomonadota,arylpolyene,Others,XN24
SRR21413000.bin.13,High-quality,Pseudomonadota,arylpolyene,Others,XN24
SRR21413000.bin.26,High-quality,Pseudomonadota,terpene,Terpene,Sphingomonadaceae
SRR21413000.bin.26,High-quality,Pseudomonadota,T3PKS,PKSother,Sphingomonadaceae
SRR21413001.bin.31,High-quality,Actinomycetota,other,Others,JACDCH01
SRR21413001.bin.31,High-quality,Actinomycetota,terpene,Terpene,JACDCH01
SRR21413001.bin.55,High-quality,Actinomycetota,terpene,Terpene,JAHELV01
SRR21413001.bin.55,High-quality,Actinomycetota,NRPS-like,NRPS,JAHELV01
SRR21413004.bin.31,High-quality,Actinomycetota,NRPS,NRPS,Egibacteraceae
SRR21413004.bin.31,High-quality,Actinomycetota,NRPS-like,NRPS,Egibacteraceae
SRR21413004.bin.31,High-quality,Actinomycetota,terpene,Terpene,Egibacteraceae
SRR21413004.bin.31,High-quality,Actinomycetota,NRPS,NRPS,Egibacteraceae
SRR21413004.bin.31,High-quality,Actinomycetota,T3PKS,PKSother,Egibacteraceae
SRR21413004.bin.31,High-quality,Actinomycetota,NRPS,NRPS,Egibacteraceae
SRR21413004.bin.31,High-quality,Actinomycetota,phosphonate,Others,Egibacteraceae
SRR21413005.bin.36,High-quality,Actinomycetota,terpene,Terpene,Egibacteraceae
SRR23851176.bin.26,High-quality,Chloroflexota,T1PKS,PKSI,Ardenticatenaceae
SRR23851176.bin.26,High-quality,Chloroflexota,T3PKS,PKSother,Ardenticatenaceae
SRR23851176.bin.48,High-quality,Gemmatimonadota,terpene,Terpene,Palauibacteraceae
SRR23851177.bin.1,High-quality,Gemmatimonadota,T3PKS,PKSother,Palauibacteraceae
SRR23851177.bin.56,High-quality,Planctomycetota,cyanobactin,RiPPs,Planctomycetaceae
SRR23851177.bin.56,High-quality,Planctomycetota,terpene,Terpene,Planctomycetaceae
SRR23851177.bin.56,High-quality,Planctomycetota,terpene,Terpene,Planctomycetaceae
SRR23851177.bin.56,High-quality,Planctomycetota,RiPP-like,RiPPs,Planctomycetaceae
SRR23851177.bin.56,High-quality,Planctomycetota,T1PKS,PKSI,Planctomycetaceae
SRR23851177.bin.56,High-quality,Planctomycetota,T1PKS,PKSI,Planctomycetaceae
SRR23851181.bin.18,High-quality,Actinomycetota,terpene,Terpene,JAOSJL01
SRR23851186.bin.12,High-quality,Acidobacteriota,RRE-containing,RiPPs,UBA5704
SRR23851186.bin.12,High-quality,Acidobacteriota,T1PKS,PKSI,UBA5704
SRR23851186.bin.12,High-quality,Acidobacteriota,RiPP-like,RiPPs,UBA5704
SRR23851186.bin.12,High-quality,Acidobacteriota,lanthipeptide-class-iv,RiPPs,UBA5704
SRR23851186.bin.12,High-quality,Acidobacteriota,ranthipeptide,RiPPs,UBA5704
SRR23851186.bin.12,High-quality,Acidobacteriota,NRPS-like,NRPS,UBA5704
SRR23851186.bin.12,High-quality,Acidobacteriota,terpene,Terpene,UBA5704
SRR23851186.bin.12,High-quality,Acidobacteriota,T3PKS,PKSother,UBA5704
SRR23851186.bin.12,High-quality,Acidobacteriota,T3PKS,PKSother,UBA5704
SRR23851186.bin.12,High-quality,Acidobacteriota,NRPS-like,NRPS,UBA5704
SRR23851186.bin.12,High-quality,Acidobacteriota,ladderane,Others,UBA5704
SRR23851186.bin.12,High-quality,Acidobacteriota,lanthipeptide-class-ii,RiPPs,UBA5704
SRR23851186.bin.12,High-quality,Acidobacteriota,lanthipeptide-class-ii,RiPPs,UBA5704
SRR23851186.bin.12,High-quality,Acidobacteriota,RiPP-like,RiPPs,UBA5704
SRR23851189.bin.1,High-quality,Actinomycetota,NRPS-like,NRPS,CALAEC01
SRR23851189.bin.1,High-quality,Actinomycetota,nucleoside,Others,CALAEC01
SRR23851189.bin.11,High-quality,Acidobacteriota,NRPS-like,NRPS,SMYC01
SRR23851189.bin.11,High-quality,Acidobacteriota,T3PKS,PKSother,SMYC01
SRR23851189.bin.11,High-quality,Acidobacteriota,NRPS-like,NRPS,SMYC01
SRR23851189.bin.11,High-quality,Acidobacteriota,RRE-containing,RiPPs,SMYC01
SRR23851189.bin.11,High-quality,Acidobacteriota,NRPS-like,NRPS,SMYC01
SRR23851189.bin.11,High-quality,Acidobacteriota,arylpolyene,Others,SMYC01
SRR23851189.bin.17,High-quality,Gemmatimonadota,hglE-KS,PKSother,JAHWKZ01
SRR23851189.bin.17,High-quality,Gemmatimonadota,T1PKS,PKSI,JAHWKZ01
SRR23851189.bin.17,High-quality,Gemmatimonadota,NRPS-like,NRPS,JAHWKZ01
SRR23851190.bin.33,High-quality,Chloroflexota,terpene,Terpene,UBA4823
SRR23851190.bin.33,High-quality,Chloroflexota,terpene,Terpene,UBA4823
SRR23851190.bin.37,High-quality,Pseudomonadota,NI-siderophore,Others,Halofilaceae
SRR23851190.bin.37,High-quality,Pseudomonadota,NRPS-like,NRPS,Halofilaceae
SRR23851190.bin.37,High-quality,Pseudomonadota,arylpolyene,Others,Halofilaceae
SRR23851190.bin.37,High-quality,Pseudomonadota,arylpolyene,Others,Halofilaceae
SRR23851190.bin.37,High-quality,Pseudomonadota,arylpolyene,Others,Halofilaceae
SRR23851190.bin.37,High-quality,Pseudomonadota,resorcinol,Others,Halofilaceae
SRR23851191.bin.72,High-quality,Pseudomonadota,NRPS-like,NRPS,Halofilaceae
SRR23851191.bin.74,High-quality,Acidobacteriota,NRPS,NRPS,UBA5704
SRR23851191.bin.74,High-quality,Acidobacteriota,NRPS,NRPS,UBA5704
SRR23851191.bin.74,High-quality,Acidobacteriota,NRPS,NRPS,UBA5704
SRR23851191.bin.74,High-quality,Acidobacteriota,NRPS,NRPS,UBA5704
SRR23851191.bin.74,High-quality,Acidobacteriota,T1PKS.NRPS,PKS-NRP_Hybrids,UBA5704
SRR23851191.bin.74,High-quality,Acidobacteriota,NRPS.T1PKS,PKS-NRP_Hybrids,UBA5704
SRR23851191.bin.74,High-quality,Acidobacteriota,NRPS,NRPS,UBA5704
SRR23851191.bin.74,High-quality,Acidobacteriota,NRPS,NRPS,UBA5704
SRR23851191.bin.74,High-quality,Acidobacteriota,RRE-containing,RiPPs,UBA5704
SRR23851191.bin.74,High-quality,Acidobacteriota,ladderane,Others,UBA5704
SRR23851191.bin.74,High-quality,Acidobacteriota,T1PKS,PKSI,UBA5704
SRR23851191.bin.74,High-quality,Acidobacteriota,NRPS,NRPS,UBA5704
SRR23851191.bin.74,High-quality,Acidobacteriota,NRPS-like,NRPS,UBA5704
SRR23851191.bin.74,High-quality,Acidobacteriota,NRPS,NRPS,UBA5704
SRR23851191.bin.74,High-quality,Acidobacteriota,NRPS,NRPS,UBA5704
SRR23851191.bin.74,High-quality,Acidobacteriota,NRPS,NRPS,UBA5704
SRR23851191.bin.74,High-quality,Acidobacteriota,NRPS,NRPS,UBA5704
SRR23851191.bin.74,High-quality,Acidobacteriota,NRPS.T1PKS,PKS-NRP_Hybrids,UBA5704
SRR23851191.bin.74,High-quality,Acidobacteriota,RiPP-like,RiPPs,UBA5704
SRR23851191.bin.74,High-quality,Acidobacteriota,T1PKS,PKSI,UBA5704
SRR23851191.bin.74,High-quality,Acidobacteriota,NRPS,NRPS,UBA5704
SRR23851191.bin.74,High-quality,Acidobacteriota,NRPS,NRPS,UBA5704
SRR23851191.bin.74,High-quality,Acidobacteriota,T1PKS.NRPS,PKS-NRP_Hybrids,UBA5704
SRR23851191.bin.74,High-quality,Acidobacteriota,terpene,Terpene,UBA5704
SRR23851191.bin.74,High-quality,Acidobacteriota,lanthipeptide-class-iv,RiPPs,UBA5704
SRR23851191.bin.74,High-quality,Acidobacteriota,T1PKS.NRPS,PKS-NRP_Hybrids,UBA5704
SRR23851191.bin.74,High-quality,Acidobacteriota,T1PKS,PKSI,UBA5704
SRR23851191.bin.74,High-quality,Acidobacteriota,T1PKS,PKSI,UBA5704
SRR23851191.bin.74,High-quality,Acidobacteriota,T1PKS.NRPS,PKS-NRP_Hybrids,UBA5704
SRR23851191.bin.74,High-quality,Acidobacteriota,NRPS-like,NRPS,UBA5704
SRR23851191.bin.74,High-quality,Acidobacteriota,NRPS,NRPS,UBA5704
SRR23851191.bin.74,High-quality,Acidobacteriota,NRPS,NRPS,UBA5704
SRR23851191.bin.74,High-quality,Acidobacteriota,NRPS,NRPS,UBA5704
SRR23851191.bin.74,High-quality,Acidobacteriota,T1PKS,PKSI,UBA5704
SRR23851191.bin.74,High-quality,Acidobacteriota,NRPS,NRPS,UBA5704
SRR23851191.bin.74,High-quality,Acidobacteriota,NRPS,NRPS,UBA5704
SRR23851191.bin.74,High-quality,Acidobacteriota,NRPS,NRPS,UBA5704
SRR23851191.bin.74,High-quality,Acidobacteriota,NRPS,NRPS,UBA5704
SRR23851191.bin.74,High-quality,Acidobacteriota,NRP-metallophore.NRPS,Others,UBA5704
SRR23851191.bin.74,High-quality,Acidobacteriota,T1PKS,PKSI,UBA5704
SRR23851191.bin.74,High-quality,Acidobacteriota,NRPS,NRPS,UBA5704
SRR23851191.bin.74,High-quality,Acidobacteriota,T1PKS,PKSI,UBA5704
SRR23851191.bin.74,High-quality,Acidobacteriota,NRPS-like,NRPS,UBA5704
SRR23851191.bin.74,High-quality,Acidobacteriota,NRPS,NRPS,UBA5704
SRR23851191.bin.74,High-quality,Acidobacteriota,NRPS,NRPS,UBA5704
SRR23851191.bin.74,High-quality,Acidobacteriota,T3PKS,PKSother,UBA5704
SRR23851192.bin.2,High-quality,Pseudomonadota,NRPS-like,NRPS,SG8-39
SRR23851192.bin.2,High-quality,Pseudomonadota,NRPS-like,NRPS,SG8-39
SRR23851192.bin.2,High-quality,Pseudomonadota,arylpolyene,Others,SG8-39
SRR23851193.bin.42,High-quality,Pseudomonadota,phosphonate,Others,UBA4486
SRR23851193.bin.42,High-quality,Pseudomonadota,terpene,Terpene,UBA4486
SRR23851193.bin.42,High-quality,Pseudomonadota,terpene,Terpene,UBA4486
SRR23851194.bin.23,High-quality,Desulfobacterota_D,T3PKS,PKSother,JAJCZQ01
SRR23851195.bin.31,High-quality,Planctomycetota,terpene,Terpene,Planctomycetaceae
SRR23851195.bin.31,High-quality,Planctomycetota,terpene,Terpene,Planctomycetaceae
SRR23851195.bin.31,High-quality,Planctomycetota,terpene,Terpene,Planctomycetaceae
SRR23851197.bin.8,High-quality,Chloroflexota,NRPS,NRPS,Promineifilaceae
SRR23851197.bin.8,High-quality,Chloroflexota,T1PKS,PKSI,Promineifilaceae
SRR23851197.bin.8,High-quality,Chloroflexota,T1PKS.NRPS,PKS-NRP_Hybrids,Promineifilaceae
SRR23851197.bin.8,High-quality,Chloroflexota,NRPS,NRPS,Promineifilaceae
SRR23851197.bin.8,High-quality,Chloroflexota,NRPS,NRPS,Promineifilaceae
SRR23851197.bin.8,High-quality,Chloroflexota,NRPS,NRPS,Promineifilaceae
SRR23851197.bin.8,High-quality,Chloroflexota,NRPS,NRPS,Promineifilaceae
SRR23851197.bin.8,High-quality,Chloroflexota,T1PKS,PKSI,Promineifilaceae
SRR23851197.bin.8,High-quality,Chloroflexota,NRPS,NRPS,Promineifilaceae
SRR23851197.bin.8,High-quality,Chloroflexota,NRPS,NRPS,Promineifilaceae
SRR23851197.bin.8,High-quality,Chloroflexota,NRPS-like,NRPS,Promineifilaceae
SRR23851197.bin.8,High-quality,Chloroflexota,hglE-KS,PKSother,Promineifilaceae
SRR23851197.bin.8,High-quality,Chloroflexota,NRPS,NRPS,Promineifilaceae
SRR23851197.bin.8,High-quality,Chloroflexota,NRPS,NRPS,Promineifilaceae
SRR23851197.bin.8,High-quality,Chloroflexota,NRPS,NRPS,Promineifilaceae
SRR23851197.bin.8,High-quality,Chloroflexota,NRPS,NRPS,Promineifilaceae
SRR23851197.bin.8,High-quality,Chloroflexota,NRPS,NRPS,Promineifilaceae
SRR23851197.bin.8,High-quality,Chloroflexota,NRPS,NRPS,Promineifilaceae
SRR23851197.bin.8,High-quality,Chloroflexota,NRPS,NRPS,Promineifilaceae
SRR23851197.bin.8,High-quality,Chloroflexota,RiPP-like,RiPPs,Promineifilaceae
SRR23851197.bin.8,High-quality,Chloroflexota,RiPP-like,RiPPs,Promineifilaceae
SRR23851197.bin.8,High-quality,Chloroflexota,terpene,Terpene,Promineifilaceae
SRR23851197.bin.8,High-quality,Chloroflexota,NRPS,NRPS,Promineifilaceae
SRR23851197.bin.8,High-quality,Chloroflexota,T1PKS,PKSI,Promineifilaceae
SRR23851197.bin.8,High-quality,Chloroflexota,NRPS-like,NRPS,Promineifilaceae
SRR23851197.bin.8,High-quality,Chloroflexota,NRPS,NRPS,Promineifilaceae
SRR23851197.bin.8,High-quality,Chloroflexota,T1PKS,PKSI,Promineifilaceae
SRR23851197.bin.8,High-quality,Chloroflexota,T1PKS,PKSI,Promineifilaceae
SRR23851201.bin.15,High-quality,Pseudomonadota,NRPS-like,NRPS,Unclassified
SRR23851203.bin.11,High-quality,Actinomycetota,T3PKS,PKSother,Jiangellaceae
SRR23851203.bin.11,High-quality,Actinomycetota,terpene,Terpene,Jiangellaceae
SRR23851203.bin.11,High-quality,Actinomycetota,NRPS-like,NRPS,Jiangellaceae
SRR23851203.bin.11,High-quality,Actinomycetota,RRE-containing,RiPPs,Jiangellaceae
SRR23851203.bin.5,High-quality,Actinomycetota,resorcinol,Others,ZC4RG35
SRR23851206.bin.22,High-quality,Actinomycetota,terpene,Terpene,AC-14
SRR23851206.bin.22,High-quality,Actinomycetota,other,Others,AC-14
SRR23851206.bin.22,High-quality,Actinomycetota,ectoine,Others,AC-14
SRR23851206.bin.22,High-quality,Actinomycetota,RiPP-like,RiPPs,AC-14
SRR23851207.bin.24,High-quality,Actinomycetota,NRPS,NRPS,Nitriliruptoraceae
SRR23851207.bin.24,High-quality,Actinomycetota,NRPS-like,NRPS,Nitriliruptoraceae
SRR23851207.bin.24,High-quality,Actinomycetota,NRPS,NRPS,Nitriliruptoraceae
SRR23851214.bin.11,High-quality,Desulfobacterota,RiPP-like,RiPPs,UBA11574
SRR23851214.bin.11,High-quality,Desulfobacterota,RiPP-like,RiPPs,UBA11574
SRR23851214.bin.11,High-quality,Desulfobacterota,hglE-KS,PKSother,UBA11574
SRR23929144.bin.17,High-quality,Actinomycetota,T3PKS,PKSother,Micrococcaceae
SRR23929144.bin.17,High-quality,Actinomycetota,NI-siderophore,Others,Micrococcaceae
SRR23929144.bin.17,High-quality,Actinomycetota,NAPAA,NRPS,Micrococcaceae
SRR23929179.bin.11,High-quality,Pseudomonadota,NRPS,NRPS,Burkholderiaceae
SRR23929179.bin.11,High-quality,Pseudomonadota,NRPS,NRPS,Burkholderiaceae
SRR23929179.bin.11,High-quality,Pseudomonadota,T1PKS,PKSI,Burkholderiaceae
SRR23929179.bin.11,High-quality,Pseudomonadota,arylpolyene,Others,Burkholderiaceae
SRR23929179.bin.11,High-quality,Pseudomonadota,arylpolyene,Others,Burkholderiaceae
SRR23929179.bin.11,High-quality,Pseudomonadota,RiPP-like,RiPPs,Burkholderiaceae
SRR28842982.bin.107,High-quality,Pseudomonadota,arylpolyene,Others,Halothiobacillaceae
SRR28842982.bin.107,High-quality,Pseudomonadota,RiPP-like,RiPPs,Halothiobacillaceae
SRR28842982.bin.37,High-quality,Acidobacteriota,NRPS-like,NRPS,JAIQFR01
SRR28842982.bin.37,High-quality,Acidobacteriota,NRPS-like,NRPS,JAIQFR01
SRR28842982.bin.77,High-quality,Pseudomonadota,terpene,Terpene,Sphingomonadaceae
SRR28842982.bin.77,High-quality,Pseudomonadota,terpene,Terpene,Sphingomonadaceae
SRR28842982.bin.92,High-quality,Pseudomonadota,terpene,Terpene,Sphingomonadaceae
SRR28842982.bin.92,High-quality,Pseudomonadota,RiPP-like,RiPPs,Sphingomonadaceae
SRR28842982.bin.92,High-quality,Pseudomonadota,T3PKS,PKSother,Sphingomonadaceae
SRR28842982.bin.92,High-quality,Pseudomonadota,terpene,Terpene,Sphingomonadaceae
SRR28842986.bin.24,High-quality,Pseudomonadota,terpene,Terpene,Sphingomonadaceae
SRR28842987.bin.35,High-quality,Pseudomonadota,terpene,Terpene,Sphingomonadaceae
SRR28842987.bin.77,High-quality,Pseudomonadota,terpene,Terpene,Sphingomonadaceae
SRR28842989.bin.27,High-quality,Verrucomicrobiota,NRPS,NRPS,Opitutaceae
SRR28842989.bin.27,High-quality,Verrucomicrobiota,NRPS.T1PKS,PKS-NRP_Hybrids,Opitutaceae
SRR28842989.bin.27,High-quality,Verrucomicrobiota,NRPS,NRPS,Opitutaceae
SRR28842989.bin.27,High-quality,Verrucomicrobiota,NRPS,NRPS,Opitutaceae
SRR28842989.bin.27,High-quality,Verrucomicrobiota,NRPS,NRPS,Opitutaceae
SRR28842989.bin.27,High-quality,Verrucomicrobiota,T3PKS,PKSother,Opitutaceae
SRR28842989.bin.27,High-quality,Verrucomicrobiota,ladderane,Others,Opitutaceae
SRR28842989.bin.30,High-quality,Pseudomonadota,terpene,Terpene,Sphingomonadaceae
SRR28842989.bin.51,High-quality,Pseudomonadota,T3PKS,PKSother,Sphingomonadaceae
SRR28842989.bin.65,High-quality,Pseudomonadota,thioamitides,RiPPs,Sphingomonadaceae
SRR28842989.bin.65,High-quality,Pseudomonadota,terpene,Terpene,Sphingomonadaceae
SRR28842989.bin.65,High-quality,Pseudomonadota,terpene,Terpene,Sphingomonadaceae
SRR28842989.bin.83,High-quality,Bdellovibrionota,acyl_amino_acids,Others,Bdellovibrionaceae
SRR28842989.bin.83,High-quality,Bdellovibrionota,acyl_amino_acids,Others,Bdellovibrionaceae
SRR28842989.bin.83,High-quality,Bdellovibrionota,acyl_amino_acids,Others,Bdellovibrionaceae
SRR28842989.bin.93,High-quality,Pseudomonadota,terpene,Terpene,Sphingomonadaceae
SRR28842989.bin.93,High-quality,Pseudomonadota,terpene,Terpene,Sphingomonadaceae
SRR28842992.bin.27,High-quality,Actinomycetota,NAPAA,NRPS,Microbacteriaceae
SRR28842992.bin.27,High-quality,Actinomycetota,T3PKS,PKSother,Microbacteriaceae
SRR29646150.bin.11,High-quality,Actinomycetota,NRPS-like,NRPS,Nocardioidaceae
SRR29646150.bin.60,High-quality,Bacteroidota,terpene,Terpene,Chitinophagaceae
SRR29646150.bin.60,High-quality,Bacteroidota,T3PKS,PKSother,Chitinophagaceae
SRR29646151.bin.39,High-quality,Pseudomonadota,arylpolyene,Others,Steroidobacteraceae
SRR29646151.bin.39,High-quality,Pseudomonadota,arylpolyene,Others,Steroidobacteraceae
SRR29646154.bin.37,High-quality,Desulfobacterota_B,arylpolyene,Others,CAITLU01
SRR29646154.bin.46,High-quality,Pseudomonadota,NRPS-like,NRPS,Steroidobacteraceae
SRR29646154.bin.51,High-quality,Myxococcota,NRPS,NRPS,Polyangiaceae
SRR29646154.bin.51,High-quality,Myxococcota,NRPS,NRPS,Polyangiaceae
SRR29646154.bin.51,High-quality,Myxococcota,terpene,Terpene,Polyangiaceae
SRR29646154.bin.51,High-quality,Myxococcota,T1PKS,PKSI,Polyangiaceae
SRR29646154.bin.51,High-quality,Myxococcota,NRPS-like,NRPS,Polyangiaceae
SRR29646154.bin.51,High-quality,Myxococcota,terpene,Terpene,Polyangiaceae
SRR29646154.bin.51,High-quality,Myxococcota,NRPS,NRPS,Polyangiaceae
SRR29646154.bin.51,High-quality,Myxococcota,NRPS,NRPS,Polyangiaceae
SRR29646154.bin.51,High-quality,Myxococcota,arylpolyene,Others,Polyangiaceae
SRR29646154.bin.51,High-quality,Myxococcota,NRPS,NRPS,Polyangiaceae
SRR29646154.bin.51,High-quality,Myxococcota,RiPP-like,RiPPs,Polyangiaceae
SRR29646154.bin.51,High-quality,Myxococcota,terpene,Terpene,Polyangiaceae
SRR29646154.bin.51,High-quality,Myxococcota,NRPS,NRPS,Polyangiaceae
SRR29646155.bin.41,High-quality,Pseudomonadota,arylpolyene,Others,Methylomonadaceae
SRR29646155.bin.41,High-quality,Pseudomonadota,terpene,Terpene,Methylomonadaceae
SRR29646155.bin.41,High-quality,Pseudomonadota,terpene,Terpene,Methylomonadaceae
SRR29646157.bin.21,High-quality,Gemmatimonadota,RiPP-like,RiPPs,UBA6960
SRR29646157.bin.21,High-quality,Gemmatimonadota,ranthipeptide,RiPPs,UBA6960
SRR29646157.bin.21,High-quality,Gemmatimonadota,T3PKS,PKSother,UBA6960
SRR29646157.bin.21,High-quality,Gemmatimonadota,RiPP-like,RiPPs,UBA6960
SRR29646157.bin.21,High-quality,Gemmatimonadota,terpene,Terpene,UBA6960
SRR29646157.bin.9,High-quality,Pseudomonadota,NRPS-like,NRPS,Methylomonadaceae
SRR29646157.bin.9,High-quality,Pseudomonadota,NRPS,NRPS,Methylomonadaceae
SRR29646157.bin.9,High-quality,Pseudomonadota,terpene,Terpene,Methylomonadaceae
SRR29646157.bin.9,High-quality,Pseudomonadota,terpene,Terpene,Methylomonadaceae
SRR29646157.bin.9,High-quality,Pseudomonadota,hglE-KS,PKSother,Methylomonadaceae
SRR29646157.bin.9,High-quality,Pseudomonadota,T3PKS,PKSother,Methylomonadaceae
SRR29646157.bin.9,High-quality,Pseudomonadota,arylpolyene,Others,Methylomonadaceae
SRR29646157.bin.9,High-quality,Pseudomonadota,arylpolyene,Others,Methylomonadaceae
SRR29646157.bin.9,High-quality,Pseudomonadota,T1PKS,PKSI,Methylomonadaceae
SRR29646157.bin.9,High-quality,Pseudomonadota,terpene,Terpene,Methylomonadaceae
SRR29646157.bin.9,High-quality,Pseudomonadota,NRPS,NRPS,Methylomonadaceae
SRR29646157.bin.9,High-quality,Pseudomonadota,NRPS,NRPS,Methylomonadaceae
SRR29646157.bin.9,High-quality,Pseudomonadota,NRPS,NRPS,Methylomonadaceae
SRR29646157.bin.9,High-quality,Pseudomonadota,NRPS-like,NRPS,Methylomonadaceae
SRR29646158.bin.2,High-quality,Bacteroidota,T3PKS,PKSother,B-1AR
SRR29646158.bin.25,High-quality,Bacteroidota,T3PKS,PKSother,Cyclobacteriaceae
SRR29646158.bin.25,High-quality,Bacteroidota,RiPP-like,RiPPs,Cyclobacteriaceae
SRR29646158.bin.50,High-quality,Pseudomonadota,terpene,Terpene,Sphingomonadaceae
SRR29646158.bin.50,High-quality,Pseudomonadota,terpene,Terpene,Sphingomonadaceae
SRR29646158.bin.69,High-quality,Bacteroidota,sactipeptide,RiPPs,Ignavibacteriaceae
SRR29646158.bin.69,High-quality,Bacteroidota,NRPS-like,NRPS,Ignavibacteriaceae
SRR29646158.bin.7,High-quality,Chloroflexota,terpene,Terpene,Aggregatilineaceae
SRR29646159.bin.10,High-quality,Bacteroidota,arylpolyene,Others,Crocinitomicaceae
SRR29646159.bin.10,High-quality,Bacteroidota,arylpolyene,Others,Crocinitomicaceae
SRR29646159.bin.10,High-quality,Bacteroidota,resorcinol,Others,Crocinitomicaceae
SRR29646159.bin.10,High-quality,Bacteroidota,arylpolyene,Others,Crocinitomicaceae
SRR29646159.bin.10,High-quality,Bacteroidota,terpene,Terpene,Crocinitomicaceae
SRR29646159.bin.10,High-quality,Bacteroidota,terpene,Terpene,Crocinitomicaceae
SRR29646159.bin.10,High-quality,Bacteroidota,arylpolyene,Others,Crocinitomicaceae
SRR29646159.bin.10,High-quality,Bacteroidota,resorcinol,Others,Crocinitomicaceae
SRR29646160.bin.42,High-quality,Pseudomonadota,terpene,Terpene,Rariloculaceae
SRR29646160.bin.42,High-quality,Pseudomonadota,terpene,Terpene,Rariloculaceae
SRR29646160.bin.42,High-quality,Pseudomonadota,NRPS-like,NRPS,Rariloculaceae
SRR29646161.bin.18,High-quality,Acidobacteriota,T3PKS,PKSother,UBA5704
SRR29646161.bin.18,High-quality,Acidobacteriota,NRPS,NRPS,UBA5704
SRR29646161.bin.18,High-quality,Acidobacteriota,T1PKS.NRPS,PKS-NRP_Hybrids,UBA5704
SRR29646161.bin.18,High-quality,Acidobacteriota,NRPS,NRPS,UBA5704
SRR29646161.bin.18,High-quality,Acidobacteriota,T1PKS,PKSI,UBA5704
SRR29646161.bin.18,High-quality,Acidobacteriota,NRPS,NRPS,UBA5704
SRR29646161.bin.18,High-quality,Acidobacteriota,NRPS,NRPS,UBA5704
SRR29646161.bin.18,High-quality,Acidobacteriota,NRPS,NRPS,UBA5704
SRR29646161.bin.18,High-quality,Acidobacteriota,NRPS,NRPS,UBA5704
SRR29646161.bin.18,High-quality,Acidobacteriota,NRPS,NRPS,UBA5704
SRR29646161.bin.18,High-quality,Acidobacteriota,T1PKS.NRPS,PKS-NRP_Hybrids,UBA5704
SRR29646161.bin.18,High-quality,Acidobacteriota,T1PKS,PKSI,UBA5704
SRR29646161.bin.18,High-quality,Acidobacteriota,T1PKS,PKSI,UBA5704
SRR29646161.bin.18,High-quality,Acidobacteriota,NRPS.T1PKS,PKS-NRP_Hybrids,UBA5704
SRR29646161.bin.18,High-quality,Acidobacteriota,NRPS,NRPS,UBA5704
SRR29646161.bin.18,High-quality,Acidobacteriota,NRPS,NRPS,UBA5704
SRR29646161.bin.18,High-quality,Acidobacteriota,NRPS,NRPS,UBA5704
SRR29646161.bin.18,High-quality,Acidobacteriota,NRPS-like,NRPS,UBA5704
SRR29646161.bin.18,High-quality,Acidobacteriota,T1PKS,PKSI,UBA5704
SRR29646161.bin.18,High-quality,Acidobacteriota,NRPS,NRPS,UBA5704
SRR29646161.bin.18,High-quality,Acidobacteriota,NRPS.T1PKS,PKS-NRP_Hybrids,UBA5704
SRR29646161.bin.18,High-quality,Acidobacteriota,NRPS,NRPS,UBA5704
SRR29646161.bin.18,High-quality,Acidobacteriota,NRPS-like,NRPS,UBA5704
SRR29646161.bin.18,High-quality,Acidobacteriota,NRPS,NRPS,UBA5704
SRR29646161.bin.18,High-quality,Acidobacteriota,NRPS,NRPS,UBA5704
SRR29646161.bin.18,High-quality,Acidobacteriota,NRPS,NRPS,UBA5704
SRR29646161.bin.18,High-quality,Acidobacteriota,NRPS,NRPS,UBA5704
SRR29646161.bin.18,High-quality,Acidobacteriota,NRPS,NRPS,UBA5704
SRR29646161.bin.18,High-quality,Acidobacteriota,NRPS,NRPS,UBA5704
SRR29646161.bin.18,High-quality,Acidobacteriota,NRPS,NRPS,UBA5704
SRR29646161.bin.18,High-quality,Acidobacteriota,NRPS,NRPS,UBA5704
SRR29646161.bin.18,High-quality,Acidobacteriota,NRPS,NRPS,UBA5704
SRR29646161.bin.18,High-quality,Acidobacteriota,NRPS,NRPS,UBA5704
SRR29646161.bin.18,High-quality,Acidobacteriota,NRPS,NRPS,UBA5704
SRR29646161.bin.18,High-quality,Acidobacteriota,NRPS,NRPS,UBA5704
SRR29646161.bin.18,High-quality,Acidobacteriota,NRPS,NRPS,UBA5704
SRR29646161.bin.18,High-quality,Acidobacteriota,T1PKS,PKSI,UBA5704
SRR29646161.bin.18,High-quality,Acidobacteriota,NRPS,NRPS,UBA5704
SRR29646161.bin.18,High-quality,Acidobacteriota,NRPS,NRPS,UBA5704
SRR29646161.bin.18,High-quality,Acidobacteriota,NRPS-like,NRPS,UBA5704
SRR29646161.bin.18,High-quality,Acidobacteriota,NRPS,NRPS,UBA5704
SRR29646161.bin.18,High-quality,Acidobacteriota,NRPS,NRPS,UBA5704
SRR29646161.bin.18,High-quality,Acidobacteriota,NRPS,NRPS,UBA5704
SRR29646161.bin.18,High-quality,Acidobacteriota,T1PKS,PKSI,UBA5704
SRR29646161.bin.18,High-quality,Acidobacteriota,NRPS,NRPS,UBA5704
SRR29646161.bin.18,High-quality,Acidobacteriota,T1PKS,PKSI,UBA5704
SRR29646161.bin.18,High-quality,Acidobacteriota,NRPS,NRPS,UBA5704
SRR29646161.bin.18,High-quality,Acidobacteriota,ladderane,Others,UBA5704
SRR29646161.bin.18,High-quality,Acidobacteriota,NRPS,NRPS,UBA5704
SRR29646161.bin.18,High-quality,Acidobacteriota,NRPS,NRPS,UBA5704
SRR29646161.bin.18,High-quality,Acidobacteriota,NRPS,NRPS,UBA5704
SRR29646161.bin.18,High-quality,Acidobacteriota,NRPS,NRPS,UBA5704
SRR29646161.bin.18,High-quality,Acidobacteriota,NRPS,NRPS,UBA5704
SRR29646161.bin.18,High-quality,Acidobacteriota,NRPS,NRPS,UBA5704
SRR29646161.bin.18,High-quality,Acidobacteriota,NRPS,NRPS,UBA5704
SRR29646161.bin.18,High-quality,Acidobacteriota,NRPS-like,NRPS,UBA5704
SRR29646161.bin.18,High-quality,Acidobacteriota,NRPS,NRPS,UBA5704
SRR29646161.bin.18,High-quality,Acidobacteriota,NRPS.T1PKS,PKS-NRP_Hybrids,UBA5704
SRR29646161.bin.18,High-quality,Acidobacteriota,NRPS-like,NRPS,UBA5704
SRR29646161.bin.18,High-quality,Acidobacteriota,NRPS,NRPS,UBA5704
SRR29646161.bin.18,High-quality,Acidobacteriota,NRPS-like,NRPS,UBA5704
SRR29646161.bin.18,High-quality,Acidobacteriota,NRPS,NRPS,UBA5704
SRR29646161.bin.18,High-quality,Acidobacteriota,NRPS,NRPS,UBA5704
SRR29646161.bin.18,High-quality,Acidobacteriota,NRPS,NRPS,UBA5704
SRR29646161.bin.18,High-quality,Acidobacteriota,NRPS,NRPS,UBA5704
SRR29646161.bin.18,High-quality,Acidobacteriota,NRPS,NRPS,UBA5704
SRR29646161.bin.18,High-quality,Acidobacteriota,NRPS-like,NRPS,UBA5704
SRR29646161.bin.18,High-quality,Acidobacteriota,T1PKS,PKSI,UBA5704
SRR29646161.bin.18,High-quality,Acidobacteriota,lanthipeptide-class-ii,RiPPs,UBA5704
SRR29646161.bin.18,High-quality,Acidobacteriota,NRPS,NRPS,UBA5704
SRR29646161.bin.18,High-quality,Acidobacteriota,NRPS,NRPS,UBA5704
SRR29646161.bin.18,High-quality,Acidobacteriota,NRPS,NRPS,UBA5704
SRR29646161.bin.18,High-quality,Acidobacteriota,NRPS,NRPS,UBA5704
SRR29646161.bin.18,High-quality,Acidobacteriota,NRPS,NRPS,UBA5704
SRR29646161.bin.18,High-quality,Acidobacteriota,NRPS,NRPS,UBA5704
SRR29646161.bin.18,High-quality,Acidobacteriota,NRPS,NRPS,UBA5704
SRR29646161.bin.18,High-quality,Acidobacteriota,T1PKS.NRPS,PKS-NRP_Hybrids,UBA5704
SRR29646161.bin.18,High-quality,Acidobacteriota,RiPP-like,RiPPs,UBA5704
SRR29646161.bin.18,High-quality,Acidobacteriota,NRPS,NRPS,UBA5704
SRR29646161.bin.18,High-quality,Acidobacteriota,NRPS,NRPS,UBA5704
SRR29646161.bin.18,High-quality,Acidobacteriota,NRPS,NRPS,UBA5704
SRR29646161.bin.18,High-quality,Acidobacteriota,NRPS,NRPS,UBA5704
SRR29646161.bin.18,High-quality,Acidobacteriota,NRPS,NRPS,UBA5704
SRR29646161.bin.18,High-quality,Acidobacteriota,NRPS,NRPS,UBA5704
SRR29646161.bin.18,High-quality,Acidobacteriota,NRPS,NRPS,UBA5704
SRR29646161.bin.18,High-quality,Acidobacteriota,NRPS-like,NRPS,UBA5704
SRR29646161.bin.18,High-quality,Acidobacteriota,NRPS,NRPS,UBA5704
SRR29646161.bin.18,High-quality,Acidobacteriota,NRPS,NRPS,UBA5704
SRR29646161.bin.18,High-quality,Acidobacteriota,NRPS,NRPS,UBA5704
SRR29646161.bin.18,High-quality,Acidobacteriota,NRPS,NRPS,UBA5704
SRR29646161.bin.18,High-quality,Acidobacteriota,NRPS,NRPS,UBA5704
SRR29646161.bin.18,High-quality,Acidobacteriota,NRPS,NRPS,UBA5704
SRR29646161.bin.18,High-quality,Acidobacteriota,NRPS,NRPS,UBA5704
SRR29646161.bin.18,High-quality,Acidobacteriota,NRPS,NRPS,UBA5704
SRR29646161.bin.18,High-quality,Acidobacteriota,NRPS,NRPS,UBA5704
SRR29646161.bin.18,High-quality,Acidobacteriota,T1PKS,PKSI,UBA5704
SRR29646161.bin.18,High-quality,Acidobacteriota,NRPS,NRPS,UBA5704
SRR29646161.bin.18,High-quality,Acidobacteriota,NRPS,NRPS,UBA5704
SRR29646161.bin.18,High-quality,Acidobacteriota,NRPS,NRPS,UBA5704
SRR29646161.bin.18,High-quality,Acidobacteriota,NRPS,NRPS,UBA5704
SRR29646161.bin.18,High-quality,Acidobacteriota,NRPS,NRPS,UBA5704
SRR29646161.bin.18,High-quality,Acidobacteriota,NRPS,NRPS,UBA5704
SRR29646161.bin.18,High-quality,Acidobacteriota,NRPS,NRPS,UBA5704
SRR29646161.bin.18,High-quality,Acidobacteriota,NRPS,NRPS,UBA5704
SRR29646161.bin.18,High-quality,Acidobacteriota,NRPS-like,NRPS,UBA5704
SRR29646161.bin.18,High-quality,Acidobacteriota,NRPS,NRPS,UBA5704
SRR29646161.bin.18,High-quality,Acidobacteriota,NRPS,NRPS,UBA5704
SRR29646161.bin.33,High-quality,Pseudomonadota,NRPS-like,NRPS,SG8-39
SRR29646161.bin.33,High-quality,Pseudomonadota,arylpolyene,Others,SG8-39
SRR29646161.bin.33,High-quality,Pseudomonadota,NRPS-like,NRPS,SG8-39
SRR29646161.bin.39,High-quality,Acidobacteriota,RRE-containing,RiPPs,UBA5704
SRR29646161.bin.39,High-quality,Acidobacteriota,NRPS,NRPS,UBA5704
SRR29646161.bin.39,High-quality,Acidobacteriota,NRPS,NRPS,UBA5704
SRR29646161.bin.39,High-quality,Acidobacteriota,NRPS,NRPS,UBA5704
SRR29646161.bin.39,High-quality,Acidobacteriota,NRPS,NRPS,UBA5704
SRR29646161.bin.39,High-quality,Acidobacteriota,NRPS.T1PKS,PKS-NRP_Hybrids,UBA5704
SRR29646161.bin.39,High-quality,Acidobacteriota,RiPP-like,RiPPs,UBA5704
SRR29646161.bin.39,High-quality,Acidobacteriota,NRPS,NRPS,UBA5704
SRR29646161.bin.39,High-quality,Acidobacteriota,NRPS,NRPS,UBA5704
SRR29646161.bin.39,High-quality,Acidobacteriota,T1PKS,PKSI,UBA5704
SRR29646161.bin.39,High-quality,Acidobacteriota,NRPS.T1PKS,PKS-NRP_Hybrids,UBA5704
SRR29646161.bin.39,High-quality,Acidobacteriota,NRPS,NRPS,UBA5704
SRR29646161.bin.39,High-quality,Acidobacteriota,NRPS,NRPS,UBA5704
SRR29646161.bin.39,High-quality,Acidobacteriota,NRPS,NRPS,UBA5704
SRR29646161.bin.39,High-quality,Acidobacteriota,NRPS,NRPS,UBA5704
SRR29646161.bin.39,High-quality,Acidobacteriota,T1PKS,PKSI,UBA5704
SRR29646161.bin.39,High-quality,Acidobacteriota,T1PKS,PKSI,UBA5704
SRR29646161.bin.39,High-quality,Acidobacteriota,T1PKS.NRPS,PKS-NRP_Hybrids,UBA5704
SRR29646161.bin.39,High-quality,Acidobacteriota,T3PKS,PKSother,UBA5704
SRR29646161.bin.39,High-quality,Acidobacteriota,T1PKS.NRPS,PKS-NRP_Hybrids,UBA5704
SRR29646161.bin.39,High-quality,Acidobacteriota,NRPS,NRPS,UBA5704
SRR29646161.bin.39,High-quality,Acidobacteriota,NRPS,NRPS,UBA5704
SRR29646161.bin.39,High-quality,Acidobacteriota,NRPS,NRPS,UBA5704
SRR29646161.bin.39,High-quality,Acidobacteriota,NRPS,NRPS,UBA5704
SRR29646161.bin.39,High-quality,Acidobacteriota,NRPS,NRPS,UBA5704
SRR29646161.bin.39,High-quality,Acidobacteriota,NRPS,NRPS,UBA5704
SRR29646161.bin.39,High-quality,Acidobacteriota,T1PKS.NRPS,PKS-NRP_Hybrids,UBA5704
SRR29646161.bin.39,High-quality,Acidobacteriota,T1PKS,PKSI,UBA5704
SRR29646161.bin.39,High-quality,Acidobacteriota,NRPS,NRPS,UBA5704
SRR29646161.bin.39,High-quality,Acidobacteriota,NRPS,NRPS,UBA5704
SRR29646161.bin.39,High-quality,Acidobacteriota,NRPS,NRPS,UBA5704
SRR29646161.bin.39,High-quality,Acidobacteriota,NRPS-like,NRPS,UBA5704
SRR29646161.bin.39,High-quality,Acidobacteriota,RRE-containing,RiPPs,UBA5704
SRR29646161.bin.39,High-quality,Acidobacteriota,arylpolyene,Others,UBA5704
SRR29646161.bin.39,High-quality,Acidobacteriota,NRPS-like,NRPS,UBA5704
SRR29646161.bin.39,High-quality,Acidobacteriota,NRPS,NRPS,UBA5704
SRR29646161.bin.39,High-quality,Acidobacteriota,terpene,Terpene,UBA5704
SRR29646161.bin.39,High-quality,Acidobacteriota,ladderane,Others,UBA5704
SRR29646161.bin.39,High-quality,Acidobacteriota,NRPS,NRPS,UBA5704
SRR29646161.bin.39,High-quality,Acidobacteriota,T1PKS.NRPS,PKS-NRP_Hybrids,UBA5704
SRR29646161.bin.51,High-quality,Gemmatimonadota,NRPS-like,NRPS,JAHWKZ01
SRR29646161.bin.51,High-quality,Gemmatimonadota,T1PKS,PKSI,JAHWKZ01
SRR29646161.bin.51,High-quality,Gemmatimonadota,T1PKS,PKSI,JAHWKZ01
SRR29646161.bin.53,High-quality,Pseudomonadota,RRE-containing,RiPPs,JADFVY01
SRR29646161.bin.53,High-quality,Pseudomonadota,RRE-containing,RiPPs,JADFVY01
SRR29646161.bin.53,High-quality,Pseudomonadota,T3PKS,PKSother,JADFVY01
SRR29646161.bin.53,High-quality,Pseudomonadota,ranthipeptide,RiPPs,JADFVY01
SRR29689609.bin.68,High-quality,Pseudomonadota,RiPP-like,RiPPs,Halomonadaceae
SRR29689609.bin.76,High-quality,Pseudomonadota,RiPP-like,RiPPs,Aeromonadaceae
SRR29689609.bin.76,High-quality,Pseudomonadota,NI-siderophore,Others,Aeromonadaceae
SRR29689609.bin.76,High-quality,Pseudomonadota,NI-siderophore,Others,Aeromonadaceae
SRR29689609.bin.82,High-quality,Bacteroidota,terpene,Terpene,Cyclobacteriaceae
SRR29689609.bin.82,High-quality,Bacteroidota,NRPS-like,NRPS,Cyclobacteriaceae
SRR29689609.bin.82,High-quality,Bacteroidota,T3PKS,PKSother,Cyclobacteriaceae
SRR29689611.bin.29,High-quality,Pseudomonadota,RiPP-like,RiPPs,Alteromonadaceae
SRR29792384.bin.9,High-quality,Pseudomonadota,arylpolyene,Others,Xanthomonadaceae
SRR31572242.bin.11,High-quality,Actinomycetota,terpene,Terpene,Rubrobacteraceae
SRR31572242.bin.11,High-quality,Actinomycetota,NRPS-like,NRPS,Rubrobacteraceae
SRR31572242.bin.11,High-quality,Actinomycetota,T3PKS,PKSother,Rubrobacteraceae
SRR31572242.bin.11,High-quality,Actinomycetota,RRE-containing,RiPPs,Rubrobacteraceae
SRR31674855.bin.2,High-quality,Bacteroidota,NRPS,NRPS,Ignavibacteriaceae
SRR31674855.bin.2,High-quality,Bacteroidota,T3PKS,PKSother,Ignavibacteriaceae
SRR31674855.bin.2,High-quality,Bacteroidota,T1PKS,PKSI,Ignavibacteriaceae
SRR31674855.bin.2,High-quality,Bacteroidota,NRPS,NRPS,Ignavibacteriaceae
SRR31674855.bin.2,High-quality,Bacteroidota,NRPS-like,NRPS,Ignavibacteriaceae
SRR31674855.bin.3,High-quality,Actinomycetota,terpene,Terpene,JAHELV01
SRR31674855.bin.3,High-quality,Actinomycetota,NRPS-like,NRPS,JAHELV01
SRR31674856.bin.20,High-quality,Actinomycetota,resorcinol,Others,ZC4RG35
SRR31674856.bin.20,High-quality,Actinomycetota,phosphonate,Others,ZC4RG35
SRR31674856.bin.23,High-quality,Pseudomonadota,NRPS-like,NRPS,SG8-41
SRR31674856.bin.23,High-quality,Pseudomonadota,arylpolyene,Others,SG8-41
SRR32147493.bin.14,High-quality,Pseudomonadota,blactam,Others,Sphingomonadaceae
SRR32147493.bin.14,High-quality,Pseudomonadota,NRPS,NRPS,Sphingomonadaceae
SRR32147493.bin.14,High-quality,Pseudomonadota,terpene,Terpene,Sphingomonadaceae
SRR32147493.bin.14,High-quality,Pseudomonadota,T3PKS,PKSother,Sphingomonadaceae
SRR32147493.bin.34,High-quality,Pseudomonadota,T3PKS,PKSother,Sphingomonadaceae
SRR32147493.bin.45,High-quality,Actinomycetota,RRE-containing,RiPPs,IMCC26256
SRR32147493.bin.45,High-quality,Actinomycetota,other,Others,IMCC26256
SRR32147493.bin.45,High-quality,Actinomycetota,other,Others,IMCC26256
SRR32147493.bin.45,High-quality,Actinomycetota,other,Others,IMCC26256
SRR32147493.bin.45,High-quality,Actinomycetota,other,Others,IMCC26256
SRR32147493.bin.45,High-quality,Actinomycetota,terpene,Terpene,IMCC26256
SRR32147493.bin.59,High-quality,Actinomycetota,resorcinol,Others,ZC4RG35
SRR32147493.bin.8,High-quality,Chloroflexota,NRPS,NRPS,Villigracilaceae
SRR32147493.bin.8,High-quality,Chloroflexota,resorcinol,Others,Villigracilaceae
SRR32147493.bin.8,High-quality,Chloroflexota,NRPS-like,NRPS,Villigracilaceae
SRR32147493.bin.8,High-quality,Chloroflexota,T1PKS.NRPS,PKS-NRP_Hybrids,Villigracilaceae
SRR32147493.bin.8,High-quality,Chloroflexota,T1PKS,PKSI,Villigracilaceae
SRR32147493.bin.81,High-quality,Acidobacteriota,terpene,Terpene,Unclassified
SRR32147493.bin.81,High-quality,Acidobacteriota,terpene,Terpene,Unclassified
SRR32147493.bin.81,High-quality,Acidobacteriota,T3PKS,PKSother,Unclassified
SRR32147493.bin.81,High-quality,Acidobacteriota,ladderane,Others,Unclassified
SRR32147493.bin.81,High-quality,Acidobacteriota,NRPS-like,NRPS,Unclassified
SRR32147493.bin.81,High-quality,Acidobacteriota,NRPS-like,NRPS,Unclassified
SRR32147493.bin.81,High-quality,Acidobacteriota,RiPP-like,RiPPs,Unclassified
SRR32147494.bin.11,High-quality,Acidobacteriota,NRPS,NRPS,UBA2999
SRR32147494.bin.11,High-quality,Acidobacteriota,NRPS-like,NRPS,UBA2999
SRR32147494.bin.11,High-quality,Acidobacteriota,NRPS,NRPS,UBA2999
SRR32147494.bin.11,High-quality,Acidobacteriota,ranthipeptide,RiPPs,UBA2999
SRR32147494.bin.11,High-quality,Acidobacteriota,T1PKS,PKSI,UBA2999
SRR32147494.bin.11,High-quality,Acidobacteriota,NRPS-like,NRPS,UBA2999
SRR32147494.bin.11,High-quality,Acidobacteriota,T1PKS,PKSI,UBA2999
SRR32147494.bin.24,High-quality,Desulfobacterota_B,terpene,Terpene,JAGDMS01
SRR32147494.bin.24,High-quality,Desulfobacterota_B,NRPS-like,NRPS,JAGDMS01
SRR32147494.bin.24,High-quality,Desulfobacterota_B,T3PKS,PKSother,JAGDMS01
SRR32147494.bin.54,High-quality,Acidobacteriota,NRPS,NRPS,UBA5704
SRR32147494.bin.54,High-quality,Acidobacteriota,NRPS,NRPS,UBA5704
SRR32147494.bin.54,High-quality,Acidobacteriota,NRPS,NRPS,UBA5704
SRR32147494.bin.54,High-quality,Acidobacteriota,ladderane,Others,UBA5704
SRR32147494.bin.54,High-quality,Acidobacteriota,NRPS-like,NRPS,UBA5704
SRR32147494.bin.54,High-quality,Acidobacteriota,T3PKS,PKSother,UBA5704
SRR32147494.bin.54,High-quality,Acidobacteriota,T1PKS.NRPS,PKS-NRP_Hybrids,UBA5704
SRR32147494.bin.54,High-quality,Acidobacteriota,terpene,Terpene,UBA5704
SRR32147494.bin.54,High-quality,Acidobacteriota,NRPS,NRPS,UBA5704
SRR32147494.bin.54,High-quality,Acidobacteriota,NRPS,NRPS,UBA5704
SRR32147494.bin.54,High-quality,Acidobacteriota,T3PKS,PKSother,UBA5704
SRR32147494.bin.54,High-quality,Acidobacteriota,lanthipeptide-class-ii,RiPPs,UBA5704
SRR32147494.bin.54,High-quality,Acidobacteriota,NRPS,NRPS,UBA5704
SRR32147494.bin.54,High-quality,Acidobacteriota,NRPS,NRPS,UBA5704
SRR32147494.bin.54,High-quality,Acidobacteriota,T1PKS.NRPS,PKS-NRP_Hybrids,UBA5704
SRR32147494.bin.54,High-quality,Acidobacteriota,NRPS,NRPS,UBA5704
SRR32147494.bin.54,High-quality,Acidobacteriota,T1PKS.NRPS,PKS-NRP_Hybrids,UBA5704
SRR32147494.bin.54,High-quality,Acidobacteriota,T1PKS,PKSI,UBA5704
SRR32147494.bin.54,High-quality,Acidobacteriota,NRPS,NRPS,UBA5704
SRR32147494.bin.54,High-quality,Acidobacteriota,NRPS,NRPS,UBA5704
SRR32147494.bin.54,High-quality,Acidobacteriota,NRPS,NRPS,UBA5704
SRR32147494.bin.54,High-quality,Acidobacteriota,T1PKS,PKSI,UBA5704
SRR32147494.bin.54,High-quality,Acidobacteriota,NRPS-like,NRPS,UBA5704
SRR32147494.bin.54,High-quality,Acidobacteriota,T1PKS,PKSI,UBA5704
SRR32147494.bin.6,High-quality,Pseudomonadota,T3PKS,PKSother,Methyloligellaceae
SRR32147495.bin.17,High-quality,Pseudomonadota,terpene,Terpene,Geminicoccaceae
SRR32147495.bin.17,High-quality,Pseudomonadota,ranthipeptide,RiPPs,Geminicoccaceae
SRR32147495.bin.17,High-quality,Pseudomonadota,T3PKS,PKSother,Geminicoccaceae
SRR32147495.bin.17,High-quality,Pseudomonadota,NRPS-like,NRPS,Geminicoccaceae
SRR32147495.bin.17,High-quality,Pseudomonadota,RiPP-like,RiPPs,Geminicoccaceae
SRR32147495.bin.66,High-quality,Actinomycetota,terpene,Terpene,JACDCH01
SRR32147495.bin.70,High-quality,Desulfobacterota_B,NRPS-like,NRPS,UBA9968
SRR32147495.bin.70,High-quality,Desulfobacterota_B,NRPS-like,NRPS,UBA9968
SRR32147495.bin.70,High-quality,Desulfobacterota_B,NRPS-like,NRPS,UBA9968
SRR32147495.bin.70,High-quality,Desulfobacterota_B,T1PKS.NRPS-like,PKS-NRP_Hybrids,UBA9968
SRR32147495.bin.70,High-quality,Desulfobacterota_B,NRPS,NRPS,UBA9968
SRR32147495.bin.70,High-quality,Desulfobacterota_B,NRPS,NRPS,UBA9968
SRR32147495.bin.70,High-quality,Desulfobacterota_B,NRPS-like,NRPS,UBA9968
SRR32147495.bin.70,High-quality,Desulfobacterota_B,NRPS-like,NRPS,UBA9968
SRR32147495.bin.70,High-quality,Desulfobacterota_B,NRPS-like,NRPS,UBA9968
SRR32147495.bin.70,High-quality,Desulfobacterota_B,NRPS,NRPS,UBA9968
SRR32147495.bin.70,High-quality,Desulfobacterota_B,NRPS,NRPS,UBA9968
SRR32147495.bin.70,High-quality,Desulfobacterota_B,NRPS-like,NRPS,UBA9968
SRR32147495.bin.70,High-quality,Desulfobacterota_B,NRPS,NRPS,UBA9968
SRR32147495.bin.70,High-quality,Desulfobacterota_B,NRPS,NRPS,UBA9968
SRR32147495.bin.70,High-quality,Desulfobacterota_B,NRPS-like,NRPS,UBA9968
SRR32147495.bin.70,High-quality,Desulfobacterota_B,NRPS,NRPS,UBA9968
SRR32147495.bin.70,High-quality,Desulfobacterota_B,NRPS,NRPS,UBA9968
SRR32147495.bin.70,High-quality,Desulfobacterota_B,NRPS,NRPS,UBA9968
SRR32147495.bin.70,High-quality,Desulfobacterota_B,NRPS,NRPS,UBA9968
SRR32147495.bin.76,High-quality,Actinomycetota,NRPS,NRPS,JAENVV01
SRR32147495.bin.76,High-quality,Actinomycetota,NRPS,NRPS,JAENVV01
SRR32147495.bin.76,High-quality,Actinomycetota,NRPS,NRPS,JAENVV01
SRR32147498.bin.11,High-quality,Actinomycetota,NAPAA,NRPS,Dermatophilaceae
SRR32147498.bin.11,High-quality,Actinomycetota,T3PKS,PKSother,Dermatophilaceae
SRR32147499.bin.18,High-quality,Pseudomonadota,terpene,Terpene,J153
SRR32147499.bin.18,High-quality,Pseudomonadota,T3PKS,PKSother,J153
SRR32147499.bin.2,High-quality,Pseudomonadota,T1PKS,PKSI,Nitrosomonadaceae
SRR32147499.bin.2,High-quality,Pseudomonadota,NRPS,NRPS,Nitrosomonadaceae
SRR32147499.bin.2,High-quality,Pseudomonadota,NRPS-like,NRPS,Nitrosomonadaceae
SRR32147499.bin.2,High-quality,Pseudomonadota,terpene,Terpene,Nitrosomonadaceae
SRR32147499.bin.2,High-quality,Pseudomonadota,terpene,Terpene,Nitrosomonadaceae
SRR32147499.bin.36,High-quality,Planctomycetota,T3PKS,PKSother,UBA1924
SRR32147499.bin.37,High-quality,Acidobacteriota,T3PKS,PKSother,UBA5704
SRR32147499.bin.37,High-quality,Acidobacteriota,NRPS,NRPS,UBA5704
SRR32147499.bin.37,High-quality,Acidobacteriota,T1PKS,PKSI,UBA5704
SRR32147499.bin.37,High-quality,Acidobacteriota,NRPS.T1PKS,PKS-NRP_Hybrids,UBA5704
SRR32147499.bin.37,High-quality,Acidobacteriota,RiPP-like,RiPPs,UBA5704
SRR32147499.bin.37,High-quality,Acidobacteriota,RiPP-like,RiPPs,UBA5704
SRR32147499.bin.37,High-quality,Acidobacteriota,NRPS,NRPS,UBA5704
SRR32147499.bin.37,High-quality,Acidobacteriota,RiPP-like,RiPPs,UBA5704
SRR32147499.bin.37,High-quality,Acidobacteriota,lanthipeptide-class-ii,RiPPs,UBA5704
SRR32147499.bin.37,High-quality,Acidobacteriota,T1PKS,PKSI,UBA5704
SRR32147499.bin.37,High-quality,Acidobacteriota,NRPS,NRPS,UBA5704
SRR32147499.bin.37,High-quality,Acidobacteriota,lanthipeptide-class-ii,RiPPs,UBA5704
SRR32147499.bin.37,High-quality,Acidobacteriota,terpene,Terpene,UBA5704
SRR32147499.bin.37,High-quality,Acidobacteriota,RRE-containing,RiPPs,UBA5704
SRR32147499.bin.37,High-quality,Acidobacteriota,NRPS,NRPS,UBA5704
SRR32147499.bin.37,High-quality,Acidobacteriota,T1PKS,PKSI,UBA5704
SRR32147499.bin.37,High-quality,Acidobacteriota,NRPS,NRPS,UBA5704
SRR32147499.bin.37,High-quality,Acidobacteriota,NRPS,NRPS,UBA5704
SRR32147499.bin.37,High-quality,Acidobacteriota,NRPS,NRPS,UBA5704
SRR32147499.bin.37,High-quality,Acidobacteriota,NRPS.T1PKS,PKS-NRP_Hybrids,UBA5704
SRR32147499.bin.37,High-quality,Acidobacteriota,NRPS,NRPS,UBA5704
SRR32147499.bin.37,High-quality,Acidobacteriota,NRPS,NRPS,UBA5704
SRR32147499.bin.37,High-quality,Acidobacteriota,NRPS,NRPS,UBA5704
SRR32147499.bin.37,High-quality,Acidobacteriota,NRPS,NRPS,UBA5704
SRR32147499.bin.37,High-quality,Acidobacteriota,NRPS.T1PKS,PKS-NRP_Hybrids,UBA5704
SRR32147499.bin.37,High-quality,Acidobacteriota,NRPS,NRPS,UBA5704
SRR32147499.bin.37,High-quality,Acidobacteriota,lanthipeptide-class-iv,RiPPs,UBA5704
SRR32147499.bin.37,High-quality,Acidobacteriota,ladderane,Others,UBA5704
SRR32147499.bin.37,High-quality,Acidobacteriota,RRE-containing,RiPPs,UBA5704
SRR32147499.bin.38,High-quality,Pseudomonadota,NRPS-like,NRPS,Woeseiaceae
SRR32147499.bin.38,High-quality,Pseudomonadota,NRPS-like,NRPS,Woeseiaceae
SRR32147499.bin.65,High-quality,Planctomycetota,NRPS-like,NRPS,UBA1845
SRR32147499.bin.65,High-quality,Planctomycetota,ladderane,Others,UBA1845
SRR32147499.bin.67,High-quality,Gemmatimonadota,terpene,Terpene,GWC2-71-9
SRR32147499.bin.67,High-quality,Gemmatimonadota,phosphonate,Others,GWC2-71-9
SRR32147499.bin.67,High-quality,Gemmatimonadota,RiPP-like,RiPPs,GWC2-71-9
SRR32147499.bin.68,High-quality,Hydrogenedentota,hglE-KS.T1PKS,PKSother,Unclassified
SRR32147499.bin.68,High-quality,Hydrogenedentota,hglE-KS,PKSother,Unclassified
SRR32147499.bin.68,High-quality,Hydrogenedentota,cyanobactin,RiPPs,Unclassified
SRR32147499.bin.68,High-quality,Hydrogenedentota,NRPS,NRPS,Unclassified
SRR32147499.bin.68,High-quality,Hydrogenedentota,RRE-containing,RiPPs,Unclassified
SRR32147499.bin.78,High-quality,Planctomycetota,terpene,Terpene,Planctomycetaceae
SRR32147499.bin.78,High-quality,Planctomycetota,terpene,Terpene,Planctomycetaceae
SRR32147499.bin.78,High-quality,Planctomycetota,RiPP-like,RiPPs,Planctomycetaceae
SRR32147499.bin.78,High-quality,Planctomycetota,resorcinol,Others,Planctomycetaceae
SRR32147499.bin.78,High-quality,Planctomycetota,terpene,Terpene,Planctomycetaceae
SRR32147499.bin.78,High-quality,Planctomycetota,terpene,Terpene,Planctomycetaceae
SRR32147508.bin.10,High-quality,Planctomycetota,hglE-KS.T1PKS,PKSother,UBA1845
SRR32147508.bin.10,High-quality,Planctomycetota,hglE-KS,PKSother,UBA1845
SRR32147508.bin.10,High-quality,Planctomycetota,T3PKS,PKSother,UBA1845
SRR32147508.bin.102,High-quality,Planctomycetota,T1PKS,PKSI,UBA1845
SRR32147508.bin.102,High-quality,Planctomycetota,NRPS-like,NRPS,UBA1845
SRR32147508.bin.102,High-quality,Planctomycetota,ladderane,Others,UBA1845
SRR32147508.bin.103,High-quality,Planctomycetota,NRPS-like,NRPS,UBA1845
SRR32147508.bin.103,High-quality,Planctomycetota,T3PKS,PKSother,UBA1845
SRR32147508.bin.23,High-quality,Planctomycetota,T1PKS,PKSI,UBA1845
SRR32147508.bin.23,High-quality,Planctomycetota,hglE-KS,PKSother,UBA1845
SRR32147508.bin.23,High-quality,Planctomycetota,NRPS-like,NRPS,UBA1845
SRR32147508.bin.23,High-quality,Planctomycetota,arylpolyene,Others,UBA1845
SRR32147508.bin.27,High-quality,Cyanobacteriota,T1PKS,PKSI,MRBY01
SRR32147508.bin.27,High-quality,Cyanobacteriota,NRPS-like,NRPS,MRBY01
SRR32147508.bin.27,High-quality,Cyanobacteriota,NRPS-like,NRPS,MRBY01
SRR32147508.bin.36,High-quality,Planctomycetota,T3PKS,PKSother,UBA1924
SRR32147508.bin.71,High-quality,Pseudomonadota,NRPS,NRPS,JAANXG01
SRR32147508.bin.71,High-quality,Pseudomonadota,terpene,Terpene,JAANXG01
SRR32147508.bin.71,High-quality,Pseudomonadota,NRPS-like,NRPS,JAANXG01
SRR32147508.bin.71,High-quality,Pseudomonadota,RRE-containing,RiPPs,JAANXG01
SRR32147508.bin.71,High-quality,Pseudomonadota,terpene,Terpene,JAANXG01
SRR32147508.bin.73,High-quality,Gemmatimonadota,RiPP-like,RiPPs,Palauibacteraceae
SRR32147508.bin.73,High-quality,Gemmatimonadota,ranthipeptide,RiPPs,Palauibacteraceae
SRR32147508.bin.73,High-quality,Gemmatimonadota,NRPS,NRPS,Palauibacteraceae
SRR32147508.bin.73,High-quality,Gemmatimonadota,NRPS,NRPS,Palauibacteraceae
SRR32147508.bin.90,High-quality,Desulfobacterota_D,T3PKS,PKSother,JAJCZQ01
SRR32147508.bin.91,High-quality,Hydrogenedentota,RRE-containing,RiPPs,Unclassified
SRR32147508.bin.91,High-quality,Hydrogenedentota,hglE-KS,PKSother,Unclassified
SRR32147508.bin.91,High-quality,Hydrogenedentota,T1PKS.hglE-KS,PKSother,Unclassified
SRR32147508.bin.91,High-quality,Hydrogenedentota,NRPS,NRPS,Unclassified
SRR32147508.bin.91,High-quality,Hydrogenedentota,arylpolyene,Others,Unclassified
SRR32147508.bin.91,High-quality,Hydrogenedentota,T3PKS,PKSother,Unclassified
SRR32147508.bin.91,High-quality,Hydrogenedentota,arylpolyene,Others,Unclassified
SRR32147508.bin.91,High-quality,Hydrogenedentota,arylpolyene,Others,Unclassified
SRR32147508.bin.97,High-quality,Gemmatimonadota,NRPS-like,NRPS,JAHWKZ01
SRR32147508.bin.97,High-quality,Gemmatimonadota,NRPS-like,NRPS,JAHWKZ01
SRR32147508.bin.98,High-quality,Planctomycetota,phosphonate,Others,JANQPP01
SRR32147508.bin.98,High-quality,Planctomycetota,NRPS-like,NRPS,JANQPP01
SRR32147508.bin.98,High-quality,Planctomycetota,lanthipeptide-class-iv,RiPPs,JANQPP01
SRR32147508.bin.98,High-quality,Planctomycetota,terpene,Terpene,JANQPP01
SRR32147508.bin.98,High-quality,Planctomycetota,T1PKS,PKSI,JANQPP01
SRR32147508.bin.98,High-quality,Planctomycetota,terpene,Terpene,JANQPP01
SRR32147508.bin.98,High-quality,Planctomycetota,terpene,Terpene,JANQPP01
SRR32147509.bin.104,High-quality,Bacteroidota,terpene,Terpene,Balneolaceae
SRR32147509.bin.104,High-quality,Bacteroidota,T3PKS,PKSother,Balneolaceae
SRR32147509.bin.110,High-quality,Pseudomonadota,terpene,Terpene,UBA4486
SRR32147509.bin.110,High-quality,Pseudomonadota,terpene,Terpene,UBA4486
SRR32147509.bin.110,High-quality,Pseudomonadota,RRE-containing,RiPPs,UBA4486
SRR32147509.bin.110,High-quality,Pseudomonadota,NRPS,NRPS,UBA4486
SRR32147509.bin.110,High-quality,Pseudomonadota,phosphonate,Others,UBA4486
SRR32147509.bin.39,High-quality,Pseudomonadota,terpene,Terpene,Parvularculaceae
SRR32147509.bin.55,High-quality,Planctomycetota,NRPS-like,NRPS,Lacipirellulaceae
SRR32147509.bin.55,High-quality,Planctomycetota,T1PKS,PKSI,Lacipirellulaceae
SRR32147509.bin.55,High-quality,Planctomycetota,terpene,Terpene,Lacipirellulaceae
SRR32147509.bin.55,High-quality,Planctomycetota,NRPS-like,NRPS,Lacipirellulaceae
SRR32147509.bin.60,High-quality,Pseudomonadota,lanthipeptide-class-iv,RiPPs,Wenzhouxiangellaceae
SRR32147509.bin.60,High-quality,Pseudomonadota,NRPS,NRPS,Wenzhouxiangellaceae
SRR32147509.bin.60,High-quality,Pseudomonadota,terpene,Terpene,Wenzhouxiangellaceae
SRR32147509.bin.60,High-quality,Pseudomonadota,terpene,Terpene,Wenzhouxiangellaceae
SRR32147509.bin.60,High-quality,Pseudomonadota,terpene,Terpene,Wenzhouxiangellaceae
SRR32147509.bin.60,High-quality,Pseudomonadota,NRPS-like,NRPS,Wenzhouxiangellaceae
SRR32147509.bin.60,High-quality,Pseudomonadota,NRPS,NRPS,Wenzhouxiangellaceae
SRR32147509.bin.60,High-quality,Pseudomonadota,NRPS,NRPS,Wenzhouxiangellaceae
SRR32147509.bin.60,High-quality,Pseudomonadota,NRPS,NRPS,Wenzhouxiangellaceae
SRR32147509.bin.60,High-quality,Pseudomonadota,NRPS,NRPS,Wenzhouxiangellaceae
SRR32147509.bin.60,High-quality,Pseudomonadota,other,Others,Wenzhouxiangellaceae
SRR32147509.bin.61,High-quality,Pseudomonadota,arylpolyene,Others,JAANXG01
SRR32147509.bin.61,High-quality,Pseudomonadota,arylpolyene,Others,JAANXG01
SRR32147509.bin.61,High-quality,Pseudomonadota,terpene,Terpene,JAANXG01
SRR32147509.bin.61,High-quality,Pseudomonadota,terpene,Terpene,JAANXG01
SRR32147509.bin.61,High-quality,Pseudomonadota,RRE-containing,RiPPs,JAANXG01
SRR32774197.bin.13,High-quality,Pseudomonadota,T3PKS,PKSother,Vibrionaceae
SRR32774197.bin.13,High-quality,Pseudomonadota,NRPS,NRPS,Vibrionaceae
SRR32774197.bin.13,High-quality,Pseudomonadota,NRPS,NRPS,Vibrionaceae
SRR32774197.bin.13,High-quality,Pseudomonadota,NRPS,NRPS,Vibrionaceae
SRR32774197.bin.13,High-quality,Pseudomonadota,NRPS,NRPS,Vibrionaceae
SRR32774197.bin.13,High-quality,Pseudomonadota,NRPS,NRPS,Vibrionaceae
SRR32774197.bin.14,High-quality,Bacillota,NI-siderophore,Others,Bacillaceae_H
SRR32774197.bin.14,High-quality,Bacillota,NI-siderophore,Others,Bacillaceae_H
SRR32774197.bin.14,High-quality,Bacillota,phosphonate,Others,Bacillaceae_H
SRR32774197.bin.14,High-quality,Bacillota,T3PKS,PKSother,Bacillaceae_H
SRR32774197.bin.14,High-quality,Bacillota,terpene,Terpene,Bacillaceae_H
SRR32774197.bin.22,High-quality,Pseudomonadota,hglE-KS,PKSother,Shewanellaceae
SRR32774197.bin.22,High-quality,Pseudomonadota,arylpolyene,Others,Shewanellaceae
SRR32774197.bin.22,High-quality,Pseudomonadota,arylpolyene,Others,Shewanellaceae
SRR32774197.bin.22,High-quality,Pseudomonadota,PUFA,Others,Shewanellaceae
SRR32774197.bin.22,High-quality,Pseudomonadota,RiPP-like,RiPPs,Shewanellaceae
SRR32774197.bin.22,High-quality,Pseudomonadota,NI-siderophore,Others,Shewanellaceae
SRR32774197.bin.22,High-quality,Pseudomonadota,NI-siderophore,Others,Shewanellaceae
SRR32774197.bin.33,High-quality,Pseudomonadota,RiPP-like,RiPPs,Alteromonadaceae
SRR32774197.bin.33,High-quality,Pseudomonadota,NI-siderophore,Others,Alteromonadaceae
SRR32774197.bin.33,High-quality,Pseudomonadota,T1PKS.NRPS,PKS-NRP_Hybrids,Alteromonadaceae
SRR32774197.bin.33,High-quality,Pseudomonadota,NRPS,NRPS,Alteromonadaceae
SRR32774197.bin.33,High-quality,Pseudomonadota,NRPS,NRPS,Alteromonadaceae
SRR32774197.bin.38,High-quality,Pseudomonadota,arylpolyene,Others,Shewanellaceae
SRR32774197.bin.38,High-quality,Pseudomonadota,arylpolyene,Others,Shewanellaceae
SRR32774197.bin.38,High-quality,Pseudomonadota,RiPP-like,RiPPs,Shewanellaceae
SRR32774197.bin.38,High-quality,Pseudomonadota,NI-siderophore,Others,Shewanellaceae
SRR32774197.bin.38,High-quality,Pseudomonadota,PUFA,Others,Shewanellaceae
SRR32774197.bin.38,High-quality,Pseudomonadota,hglE-KS,PKSother,Shewanellaceae
SRR32774198.bin.12,High-quality,Pseudomonadota,resorcinol,Others,Halomonadaceae
SRR32774198.bin.12,High-quality,Pseudomonadota,NI-siderophore,Others,Halomonadaceae
SRR32774198.bin.12,High-quality,Pseudomonadota,NI-siderophore,Others,Halomonadaceae
SRR32774198.bin.12,High-quality,Pseudomonadota,ranthipeptide,RiPPs,Halomonadaceae
SRR32774198.bin.12,High-quality,Pseudomonadota,RRE-containing,RiPPs,Halomonadaceae
SRR32774198.bin.12,High-quality,Pseudomonadota,RiPP-like,RiPPs,Halomonadaceae
SRR32774198.bin.18,High-quality,Pseudomonadota,arylpolyene,Others,Enterobacteriaceae
SRR32774198.bin.18,High-quality,Pseudomonadota,arylpolyene,Others,Enterobacteriaceae
SRR32774198.bin.18,High-quality,Pseudomonadota,NRPS,NRPS,Enterobacteriaceae
SRR32774198.bin.18,High-quality,Pseudomonadota,RiPP-like,RiPPs,Enterobacteriaceae
SRR32774199.bin.10,High-quality,Bacillota,terpene,Terpene,Bacillaceae
SRR32774199.bin.10,High-quality,Bacillota,NI-siderophore,Others,Bacillaceae
SRR32774199.bin.10,High-quality,Bacillota,NI-siderophore,Others,Bacillaceae
SRR32774199.bin.10,High-quality,Bacillota,T3PKS,PKSother,Bacillaceae
SRR32774199.bin.16,High-quality,Pseudomonadota,arylpolyene,Others,Enterobacteriaceae
SRR32774199.bin.16,High-quality,Pseudomonadota,arylpolyene,Others,Enterobacteriaceae
SRR32774199.bin.16,High-quality,Pseudomonadota,NRPS,NRPS,Enterobacteriaceae
SRR32774199.bin.16,High-quality,Pseudomonadota,RiPP-like,RiPPs,Enterobacteriaceae
SRR32774200.bin.20,High-quality,Pseudomonadota,NRPS,NRPS,Marinomonadaceae
SRR32774200.bin.20,High-quality,Pseudomonadota,NI-siderophore,Others,Marinomonadaceae
SRR32774200.bin.20,High-quality,Pseudomonadota,NI-siderophore,Others,Marinomonadaceae
SRR32774200.bin.20,High-quality,Pseudomonadota,RiPP-like,RiPPs,Marinomonadaceae
SRR32774200.bin.20,High-quality,Pseudomonadota,NRPS,NRPS,Marinomonadaceae
SRR32774200.bin.20,High-quality,Pseudomonadota,NRPS,NRPS,Marinomonadaceae
SRR32774201.bin.36,High-quality,Bacillota,T3PKS,PKSother,Bacillaceae_B
SRR33545844.bin.1,High-quality,Acidobacteriota,T3PKS,PKSother,Unclassified
SRR33545844.bin.1,High-quality,Acidobacteriota,ladderane,Others,Unclassified
SRR34563345.bin.2,High-quality,Cyanobacteriota,NRPS-like,NRPS,Elainellaceae
SRR34563345.bin.20,High-quality,Pseudomonadota,arylpolyene,Others,Burkholderiaceae
SRR34563345.bin.47,High-quality,Bacteroidota,sactipeptide,RiPPs,Salinibacteraceae
SRR34576098.bin.15,High-quality,Desulfobacterota_D,T3PKS,PKSother,UBA2774
SRR34576098.bin.15,High-quality,Desulfobacterota_D,NRPS-like,NRPS,UBA2774
SRR34576099.bin.14,High-quality,Pseudomonadota,hglE-KS,PKSother,UBA4486
SRR34576099.bin.14,High-quality,Pseudomonadota,T1PKS.hglE-KS,PKSother,UBA4486
SRR34576099.bin.14,High-quality,Pseudomonadota,phosphonate,Others,UBA4486
SRR34576099.bin.14,High-quality,Pseudomonadota,terpene,Terpene,UBA4486
SRR34576099.bin.14,High-quality,Pseudomonadota,terpene,Terpene,UBA4486
SRR34576099.bin.31,High-quality,Actinomycetota,T1PKS,PKSI,JAHWKV01
SRR34576099.bin.31,High-quality,Actinomycetota,hglE-KS,PKSother,JAHWKV01
SRR34576099.bin.31,High-quality,Actinomycetota,terpene,Terpene,JAHWKV01
SRR34576099.bin.41,High-quality,Pseudomonadota,phosphonate,Others,SZUA-36
SRR6056296.bin.12,High-quality,Bacteroidota,arylpolyene,Others,Flavobacteriaceae
SRR6056296.bin.12,High-quality,Bacteroidota,terpene,Terpene,Flavobacteriaceae
SRR6056296.bin.12,High-quality,Bacteroidota,T3PKS,PKSother,Flavobacteriaceae
SRR9952631.bin.10,High-quality,Pseudomonadota,terpene,Terpene,Sphingomonadaceae
SRR9952631.bin.10,High-quality,Pseudomonadota,RiPP-like,RiPPs,Sphingomonadaceae
SRR9952631.bin.10,High-quality,Pseudomonadota,T3PKS,PKSother,Sphingomonadaceae
SRR9952631.bin.10,High-quality,Pseudomonadota,RiPP-like,RiPPs,Sphingomonadaceae
SRR9952631.bin.2,High-quality,Actinomycetota,terpene,Terpene,JAHELV01
SRR9952631.bin.2,High-quality,Actinomycetota,T1PKS,PKSI,JAHELV01
SRR9952631.bin.20,High-quality,Actinomycetota,T1PKS,PKSI,25812
SRR9952631.bin.20,High-quality,Actinomycetota,NRPS-like,NRPS,25812
SRR9952631.bin.20,High-quality,Actinomycetota,NRPS,NRPS,25812
SRR9952635.bin.35,High-quality,Bacteroidota,T3PKS,PKSother,Chitinophagaceae
SRR9952635.bin.70,High-quality,Actinomycetota,terpene,Terpene,Egibacteraceae
SRR9952635.bin.70,High-quality,Actinomycetota,NRPS-like,NRPS,Egibacteraceae
SRR9952635.bin.70,High-quality,Actinomycetota,T3PKS,PKSother,Egibacteraceae
