sys,count
SRR21412992.bin.20,8
SRR21412994.bin.26,8
14-C.bin.44,7
SRR19594467.bin.65,7
9-D.bin.44,6
SRR21412986.bin.33,5
SRR21412994.bin.42,5
SRR21412996.bin.8,5
SRR34563345.bin.22,5
17-B.bin.108,4
SRR19594461.bin.7,4
SRR21412983.bin.23,4
SRR34576099.bin.28,4
SRR34576099.bin.38,4
6-B.bin.41,3
17-B.bin.201,3
17-C.bin.137,3
17-C.bin.178,3
SRR21412983.bin.35,3
SRR21412985.bin.9,3
SRR21412986.bin.51,3
SRR21412989.bin.13,3
SRR21412994.bin.21,3
SRR21412994.bin.22,3
SRR21412995.bin.14,3
SRR21412995.bin.27,3
SRR23851191.bin.23,3
SRR23851203.bin.24,3
SRR34576099.bin.92,3
2-b.bin.42,2
6-B.bin.52,2
17-B.bin.109,2
17-B.bin.113,2
17-C.bin.13,2
17-C.bin.161,2
18-A.bin.45,2
SRR6056296.bin.32,2
SRR14626314.bin.23,2
SRR19594465.bin.41,2
SRR21412972.bin.42,2
SRR21412972.bin.68,2
SRR21412973.bin.9,2
SRR21412973.bin.15,2
SRR21412980.bin.11,2
SRR21412981.bin.1,2
SRR21412984.bin.6,2
SRR21412985.bin.4,2
SRR21412985.bin.8,2
SRR21412986.bin.83,2
SRR21412988.bin.1,2
SRR21412988.bin.15,2
SRR21412995.bin.31,2
SRR21412995.bin.46,2
SRR23851178.bin.10,2
SRR23851185.bin.6,2
SRR23851194.bin.31,2
SRR29646157.bin.8,2
SRR34576099.bin.10,2
SRR34576099.bin.60,2
SRR34576099.bin.65,2
4-C.bin.22,1
7-c.bin.57,1
7-D.bin.12,1
13-b.bin.1,1
17-B.bin.164,1
SRR5209947.bin.26,1
SRR14626314.bin.2,1
SRR14626314.bin.3,1
SRR14626314.bin.6,1
SRR14626314.bin.16,1
SRR19594459.bin.44,1
SRR19594459.bin.68,1
SRR19594460.bin.17,1
SRR19594461.bin.14,1
SRR19594461.bin.48,1
SRR19594463.bin.44,1
SRR19594464.bin.9,1
SRR19594465.bin.52,1
SRR19594467.bin.37,1
SRR19594467.bin.68,1
SRR19594469.bin.1,1
SRR19594469.bin.14,1
SRR21412970.bin.24,1
SRR21412970.bin.44,1
SRR21412971.bin.45,1
SRR21412973.bin.17,1
SRR21412974.bin.22,1
SRR21412975.bin.29,1
SRR21412976.bin.3,1
SRR21412976.bin.23,1
SRR21412979.bin.18,1
SRR21412979.bin.35,1
SRR21412980.bin.18,1
SRR21412983.bin.3,1
SRR21412983.bin.10,1
SRR21412983.bin.17,1
SRR21412984.bin.1,1
SRR21412984.bin.31,1
SRR21412986.bin.17,1
SRR21412986.bin.41,1
SRR21412987.bin.13,1
SRR21412990.bin.18,1
SRR21412990.bin.22,1
SRR21412994.bin.40,1
SRR23851187.bin.3,1
SRR23851190.bin.36,1
SRR23851190.bin.46,1
SRR23851191.bin.3,1
SRR31674855.bin.25,1
SRR32147495.bin.28,1
SRR32147498.bin.20,1
SRR32147509.bin.8,1
SRR34563345.bin.34,1
SRR34563345.bin.52,1
SRR34576099.bin.34,1
SRR34576099.bin.35,0
SRR34576099.bin.36,0
SRR34576099.bin.37,0
SRR34576099.bin.38,0
SRR34576099.bin.39,0
SRR34576099.bin.40,0
SRR34576099.bin.41,0
SRR34576099.bin.42,0
SRR34576099.bin.43,0
SRR34576099.bin.44,0
SRR34576099.bin.45,0
SRR34576099.bin.46,0
SRR34576099.bin.47,0
SRR34576099.bin.48,0
SRR34576099.bin.49,0
SRR34576099.bin.50,0
SRR34576099.bin.51,0
SRR34576099.bin.52,0
SRR34576099.bin.53,0
SRR34576099.bin.54,0
SRR34576099.bin.55,0
SRR34576099.bin.56,0
SRR34576099.bin.57,0
SRR34576099.bin.58,0
SRR34576099.bin.59,0
SRR34576099.bin.60,0
SRR34576099.bin.61,0
SRR34576099.bin.62,0
SRR34576099.bin.63,0
SRR34576099.bin.64,0
SRR34576099.bin.65,0
SRR34576099.bin.66,0
SRR34576099.bin.67,0
SRR34576099.bin.68,0
SRR34576099.bin.69,0
SRR34576099.bin.70,0
SRR34576099.bin.71,0
SRR34576099.bin.72,0
SRR34576099.bin.73,0
SRR34576099.bin.74,0
SRR34576099.bin.75,0
SRR34576099.bin.76,0
SRR34576099.bin.77,0
SRR34576099.bin.78,0
SRR34576099.bin.79,0
SRR34576099.bin.80,0
SRR34576099.bin.81,0
SRR34576099.bin.82,0
SRR34576099.bin.83,0
SRR34576099.bin.84,0
SRR34576099.bin.85,0
SRR34576099.bin.86,0
SRR34576099.bin.87,0
SRR34576099.bin.88,0
SRR34576099.bin.89,0
SRR34576099.bin.90,0
SRR34576099.bin.91,0
SRR34576099.bin.92,0
SRR34576099.bin.93,0
SRR34576099.bin.94,0
SRR34576099.bin.95,0
SRR34576099.bin.96,0
SRR34576099.bin.97,0
