phylum,defense_system
Thermoplasmatota,pAgo
Thermoplasmatota,RM_Type_III
Thermoplasmatota,RM_Type_II
Thermoplasmatota,SoFIC
Thermoplasmatota,Ceres
Thermoplasmatota,Aristaios
Thermoplasmatota,RM_Type_I
Thermoplasmatota,AbiE
Thermoplasmatota,Ceres
Thermoplasmatota,DpnI
Thermoplasmatota,Ceres
Thermoplasmatota,Ceres
Thermoplasmatota,CBASS
Thermoplasmatota,DRT-like_UG
Thermoplasmatota,Ceres
Thermoproteota,AbiE
Thermoplasmatota,Ceres
Thermoplasmatota,AbiE
Thermoplasmatota,Ceres
Thermoplasmatota,pAgo
Thermoplasmatota,BREX
Thermoplasmatota,RM_Type_II
Thermoplasmatota,PD-T7-2
Thermoplasmatota,DpnI
Thermoplasmatota,Prometheus
Thermoplasmatota,Thoeris
Thermoplasmatota,Prometheus
Thermoplasmatota,CBASS
Thermoplasmatota,Shedu
Thermoplasmatota,RM_Type_I
Thermoplasmatota,Ceres
Halobacteriota,SoFIC
Thermoplasmatota,Cas
Halobacteriota,SoFIC
Halobacteriota,RM_Type_IIG
Halobacteriota,RM_Type_IIG
Halobacteriota,SoFIC
Halobacteriota,Ceres
Halobacteriota,Ceres
Thermoplasmatota,ScoMcrA
Thermoplasmatota,AbiE
Thermoplasmatota,Ceres
Thermoplasmatota,RM_Type_IIG
Thermoplasmatota,pAgo
Thermoplasmatota,AbiE
Thermoplasmatota,Cas
Thermoplasmatota,RloC
Thermoplasmatota,Shango
Thermoplasmatota,Ceres
Thermoplasmatota,PsyrTA
Thermoplasmatota,AbiE
Thermoplasmatota,AbiE
Thermoplasmatota,PD-T4-7
Thermoplasmatota,McrBC
Thermoplasmatota,Prometheus
Thermoplasmatota,Prometheus
Thermoplasmatota,Cas
Thermoplasmatota,ScoMcrA
Thermoplasmatota,DpnI
Thermoplasmatota,Ceres
Thermoplasmatota,Cas
Thermoplasmatota,MazEF
Thermoplasmatota,Ceres
Thermoplasmatota,ScoMcrA
Thermoplasmatota,Ceres
Thermoplasmatota,AbiE
Halobacteriota,SoFIC
Halobacteriota,RM_Type_II
Halobacteriota,AbiE
Halobacteriota,RM_Type_IIG
Halobacteriota,RM_Type_IIG
Thermoplasmatota,Ceres
Thermoplasmatota,DS-20
Halobacteriota,TagI
Thermoplasmatota,Esos
Thermoproteota,Cas
Halobacteriota,Ceres
Thermoplasmatota,Lamassu-Fam
Thermoplasmatota,Ceres
Thermoplasmatota,Ceres
Thermoplasmatota,dCTPdeaminase
Thermoplasmatota,Gao_Mza
Thermoplasmatota,PD-Lambda-5
Thermoplasmatota,Ceres
Thermoplasmatota,pAgo
Thermoplasmatota,McrBC
Thermoplasmatota,Ceres
Thermoplasmatota,Avs
Thermoproteota,SoFIC
Thermoproteota,AbiE
Nanoarchaeota,Ceres
Thermoplasmatota,Ceres
Thermoplasmatota,Other_Type_IV
Thermoplasmatota,SoFIC
Thermoplasmatota,ScoMcrA
Thermoplasmatota,AbiE
Thermoplasmatota,Ceres
Thermoproteota,ShosTA
Thermoproteota,AbiU
Thermoproteota,RM_Type_I
Thermoplasmatota,ScoMcrA
Thermoplasmatota,Ceres
Thermoproteota,ShosTA
Thermoproteota,SoFIC
Thermoproteota,AbiU
Thermoplasmatota,Ceres
Thermoplasmatota,AbiE
Nanohaloarchaeota,Dag
Halobacteriota,AbiE
Halobacteriota,SoFIC
Halobacteriota,DS-11
Halobacteriota,ScoMcrA
Halobacteriota,Ceres
Halobacteriota,Ceres
Halobacteriota,Ceres
Thermoproteota,AbiU
Halobacteriota,AbiAlpha
Halobacteriota,Ceres
Halobacteriota,Aristaios
Halobacteriota,Ceres
Halobacteriota,ScoMcrA
Halobacteriota,SoFIC
Halobacteriota,Ceres
Thermoproteota,AbiU
Halobacteriota,RM_Type_IIG
Halobacteriota,Ceres
Halobacteriota,Ceres
Halobacteriota,Ceres
Halobacteriota,AbiAlpha
Halobacteriota,Dag
Halobacteriota,Ceres
Thermoplasmatota,Cas
Halobacteriota,SoFIC
Halobacteriota,RM_Type_II
Halobacteriota,Ceres
Halobacteriota,Ceres
Halobacteriota,SoFIC
Halobacteriota,SoFIC
Halobacteriota,Cas
Halobacteriota,SoFIC
Halobacteriota,Ceres
Halobacteriota,Ceres
Thermoplasmatota,Ceres
Thermoproteota,AbiU
Thermoplasmatota,Ceres
Halobacteriota,SoFIC
Halobacteriota,Cas
Halobacteriota,Ceres
Thermoplasmatota,MazEF
Thermoplasmatota,Ceres
Halobacteriota,SoFIC
Halobacteriota,Ceres
Halobacteriota,AbiE
Halobacteriota,DpnI
Thermoplasmatota,RM_Type_II
Thermoplasmatota,DpnI
Thermoplasmatota,DpnI
Thermoplasmatota,Ceres
Halobacteriota,RM_Type_IIG
Halobacteriota,Ceres
Halobacteriota,RM_Type_IIG
Halobacteriota,AbiAlpha
Halobacteriota,RM_Type_IIG
Halobacteriota,TagI
Halobacteriota,Aristaios
Halobacteriota,Aristaios
Thermoplasmatota,Ceres
Thermoplasmatota,Prometheus
Thermoplasmatota,Ceres
Thermoplasmatota,AbiE
Nanoarchaeota,RM_Type_IIG
Halobacteriota,RM_Type_IIG
Halobacteriota,RM_Type_II
Halobacteriota,RM_Type_IIG
Halobacteriota,HEC-05
Halobacteriota,Hachiman
Halobacteriota,Ceres
Nanoarchaeota,ShosTA
Nanoarchaeota,Ceres
Halobacteriota,AbiAlpha
Halobacteriota,Ceres
Halobacteriota,SoFIC
Halobacteriota,Prometheus
Halobacteriota,SoFIC
Halobacteriota,RM_Type_IIG
Halobacteriota,Prometheus
Halobacteriota,RM_Type_IIG
Halobacteriota,SoFIC
Halobacteriota,SoFIC
Halobacteriota,Prometheus
Halobacteriota,SoFIC
Halobacteriota,AbiAlpha
Thermoplasmatota,SoFIC
Thermoplasmatota,Ceres
Thermoplasmatota,AbiE
Halobacteriota,Ceres
Halobacteriota,Prometheus
Halobacteriota,AbiAlpha
Halobacteriota,AbiE
Halobacteriota,RM_Type_II
Halobacteriota,Ceres
Halobacteriota,SoFIC
Thermoproteota,AbiU
Thermoplasmatota,Ceres
Halobacteriota,RM_Type_IIG
Halobacteriota,AbiAlpha
Halobacteriota,Ceres
Thermoproteota,RM_Type_I
Thermoproteota,AbiU
Halobacteriota,RM_Type_IIG
Halobacteriota,RM_Type_IIG
Halobacteriota,AbiAlpha
Thermoproteota,AbiU
Thermoproteota,Ceres
Thermoproteota,Tiamat
Thermoproteota,RAZR
Halobacteriota,Ceres
Halobacteriota,Other_Type_IV
Halobacteriota,RM_Type_IIG
Halobacteriota,Aristaios
Halobacteriota,RM_Type_IIG
Halobacteriota,RM_Type_I
Halobacteriota,ShosTA
Thermoplasmatota,pAgo
Halobacteriota,Ceres
Halobacteriota,Ceres
Halobacteriota,Ceres
Halobacteriota,RM_Type_IIG
Halobacteriota,Ceres
Halobacteriota,ScoMcrA
Thermoplasmatota,Ceres
Thermoplasmatota,RM_Type_II
Halobacteriota,Prometheus
Halobacteriota,RM_Type_II
Halobacteriota,Ceres
Halobacteriota,Prometheus
Halobacteriota,PsyrTA
Halobacteriota,PsyrTA
