ID,count
SRR32774200.bin.1,57
SRR19594460.bin.5,40
ERR13934208.bin.28,38
SRR23851198.bin.25,38
SRR21413007.bin.15,36
SRR32147508.bin.98,29
9-A.bin.81,28
ERR9527528.bin.20,28
ERR9527533.bin.33,28
SRR29646158.bin.57,28
SRR32147509.bin.89,28
SRR23851195.bin.15,27
SRR32147499.bin.16,27
SRR32774197.bin.33,27
ERR13934211.bin.16,26
SRR34563345.bin.53,25
ERR9527528.bin.37,24
SRR23851198.bin.7,24
SRR29689609.bin.11,24
SRR29689609.bin.82,24
SRR32147508.bin.3,24
SRR32147509.bin.104,24
ERR9527534.bin.30,23
ERR13934205.bin.37,23
SRR32147494.bin.39,23
SRR33545844.bin.1,23
ERR9527536.bin.31,22
SRR23851191.bin.74,22
2-b.bin.12,21
ERR9527527.bin.18,21
ERR9527533.bin.10,21
2-b.bin.27,20
ERR9527525.bin.4,20
ERR9527529.bin.34,20
ERR13934205.bin.13,20
ERR13934205.bin.17,20
SRR28842988.bin.102,20
SRR32774197.bin.22,20
ERR9527525.bin.22,19
ERR9527525.bin.37,19
SRR23851186.bin.12,19
SRR32774196.bin.13,19
ERR9527532.bin.1,18
SRR34563345.bin.49,18
ERR9527528.bin.39,17
ERR13934200.bin.21,17
ERR13934202.bin.10,17
SRR16229784.bin.3,17
SRR29646157.bin.2,17
SRR29689610.bin.76,17
SRR32147509.bin.111,17
SRR32774201.bin.29,17
ERR9527531.bin.34,16
ERR13934202.bin.15,16
SRR9952631.bin.29,16
SRR21412993.bin.17,16
SRR23851171.bin.22,16
SRR23851198.bin.29,16
SRR28842987.bin.79,16
SRR29646154.bin.51,16
SRR29646156.bin.28,16
SRR29689609.bin.78,16
SRR29689610.bin.50,16
SRR31572241.bin.27,16
SRR32147494.bin.24,16
SRR32147509.bin.9,16
SRR34576099.bin.4,16
11-B.bin.3,15
ERR9527528.bin.29,15
ERR9527533.bin.45,15
SRR7976302.bin.2,15
SRR19594465.bin.43,15
SRR23851173.bin.6,15
SRR23851176.bin.5,15
SRR23929181.bin.8,15
SRR32147494.bin.54,15
SRR32774197.bin.12,15
SRR32774198.bin.29,15
SRR32774200.bin.20,15
ERR9527526.bin.9,14
ERR9527527.bin.22,14
ERR9527530.bin.24,14
ERR9527531.bin.16,14
ERR9527536.bin.17,14
SRR21412986.bin.6,14
SRR21412986.bin.62,14
SRR23851206.bin.19,14
SRR29646155.bin.15,14
SRR29646160.bin.16,14
SRR29689611.bin.69,14
SRR32147494.bin.59,14
SRR32147494.bin.64,14
SRR32147499.bin.18,14
SRR32147508.bin.100,14
SRR32774200.bin.33,14
SRR34563345.bin.16,14
SRR34563345.bin.19,14
4-D.bin.4,13
13-b.bin.37,13
ERR9527531.bin.8,13
ERR9527532.bin.20,13
ERR13934205.bin.11,13
ERR13934211.bin.9,13
SRR16229781.bin.1,13
SRR19594459.bin.53,13
SRR21412969.bin.50,13
SRR23851175.bin.59,13
SRR23851197.bin.8,13
SRR23851205.bin.40,13
SRR29646150.bin.11,13
SRR29646158.bin.9,13
SRR32147493.bin.8,13
SRR32147494.bin.31,13
SRR32147499.bin.78,13
SRR32147508.bin.27,13
SRR32147508.bin.82,13
SRR32774198.bin.24,13
SRR32774200.bin.7,13
SRR34563345.bin.5,13
8-C.bin.6,12
17-B.bin.149,12
18-C.bin.13,12
ERR9527525.bin.2,12
ERR9527526.bin.20,12
ERR9527526.bin.37,12
ERR9527529.bin.10,12
ERR9527536.bin.32,12
ERR13934205.bin.36,12
SRR23851195.bin.7,12
SRR28842987.bin.87,12
SRR28842989.bin.61,12
SRR29646158.bin.69,12
SRR29646160.bin.35,12
SRR31674855.bin.2,12
SRR32147499.bin.68,12
SRR32147509.bin.55,12
SRR32774197.bin.13,12
SRR32774197.bin.31,12
SRR33545837.bin.19,12
7-D.bin.34,11
ERR9527527.bin.37,11
ERR9527532.bin.30,11
SRR19594465.bin.11,11
SRR19594466.bin.10,11
SRR21412975.bin.18,11
SRR21412981.bin.23,11
SRR21412986.bin.55,11
SRR21413001.bin.45,11
SRR23851177.bin.34,11
SRR28842987.bin.106,11
SRR28842988.bin.12,11
SRR29646154.bin.2,11
SRR29646155.bin.41,11
SRR29646159.bin.12,11
SRR29646159.bin.17,11
SRR29646159.bin.22,11
SRR31572243.bin.16,11
SRR31572244.bin.11,11
SRR32147493.bin.29,11
SRR32147494.bin.77,11
SRR32147499.bin.64,11
SRR32147508.bin.24,11
SRR32774197.bin.21,11
SRR32774198.bin.11,11
SRR33545835.bin.6,11
SRR33545836.bin.24,11
SRR34563345.bin.23,11
SRR34576099.bin.14,11
5-C.bin.44,10
5-C.bin.53,10
5-D.bin.31,10
6-B.bin.15,10
9-C.bin.2,10
13-b.bin.45,10
17-B.bin.171,10
ERR9527526.bin.49,10
ERR9527528.bin.27,10
ERR9527536.bin.25,10
ERR9527537.bin.14,10
ERR13934211.bin.3,10
ERR13934211.bin.26,10
ERR13934211.bin.41,10
SRR1164896.bin.11,10
SRR7976303.bin.23,10
SRR9952635.bin.35,10
SRR16229782.bin.19,10
SRR19594466.bin.3,10
SRR23851198.bin.28,10
SRR23929155.bin.2,10
SRR28842987.bin.52,10
SRR28842988.bin.139,10
SRR28842992.bin.1,10
SRR31572242.bin.5,10
SRR31572242.bin.21,10
SRR31572243.bin.14,10
SRR32147499.bin.37,10
SRR32147508.bin.19,10
SRR32147508.bin.23,10
SRR32147509.bin.43,10
SRR32147509.bin.44,10
SRR32774199.bin.19,10
SRR32774201.bin.37,10
SRR34563345.bin.47,10
4-C.bin.25,9
8-B.bin.11,9
14-B.bin.2,9
14-C.bin.29,9
ERR9527528.bin.31,9
ERR9527530.bin.37,9
ERR9527537.bin.16,9
ERR13934208.bin.16,9
SRR6056296.bin.15,9
SRR7976303.bin.18,9
SRR21412975.bin.4,9
SRR21412995.bin.43,9
SRR23851171.bin.3,9
SRR23851172.bin.13,9
SRR23851176.bin.16,9
SRR23851195.bin.31,9
SRR28842982.bin.102,9
SRR28842986.bin.56,9
SRR28842987.bin.48,9
SRR28842988.bin.77,9
SRR28842988.bin.84,9
SRR28842988.bin.93,9
SRR29646151.bin.40,9
SRR29646157.bin.36,9
SRR29689609.bin.32,9
SRR29689610.bin.59,9
SRR31572241.bin.18,9
SRR31572242.bin.1,9
SRR31572243.bin.26,9
SRR32147495.bin.17,9
SRR32147495.bin.69,9
SRR32147499.bin.36,9
SRR32147499.bin.60,9
SRR32147508.bin.70,9
SRR32147508.bin.76,9
SRR32774196.bin.16,9
SRR32774198.bin.7,9
1-b.bin.16,8
2-c.bin.32,8
5-C.bin.5,8
17-B.bin.74,8
ERR5004157.bin.17,8
ERR9527529.bin.37,8
ERR9527532.bin.23,8
ERR9527536.bin.7,8
ERR9527537.bin.13,8
ERR13934200.bin.33,8
ERR13934211.bin.28,8
SRR6056296.bin.3,8
SRR9952631.bin.10,8
SRR21412986.bin.61,8
SRR21412995.bin.60,8
SRR23851176.bin.21,8
SRR23851195.bin.23,8
SRR28842982.bin.96,8
SRR28842986.bin.1,8
SRR28842986.bin.66,8
SRR28842988.bin.48,8
SRR28842988.bin.95,8
SRR28842989.bin.24,8
SRR29646150.bin.26,8
SRR29646152.bin.27,8
SRR29646158.bin.28,8
SRR29646159.bin.2,8
SRR29646159.bin.10,8
SRR29689610.bin.73,8
SRR29689611.bin.65,8
SRR31572244.bin.21,8
SRR32147499.bin.62,8
SRR32147499.bin.67,8
SRR32147508.bin.91,8
SRR32147508.bin.93,8
SRR32147509.bin.60,8
SRR32774196.bin.3,8
SRR32774196.bin.15,8
SRR32774198.bin.12,8
SRR33545835.bin.10,8
SRR34563345.bin.37,8
SRR34563345.bin.48,8
1-A.bin.7,7
1-d.bin.22,7
5-B.bin.45,7
5-D.bin.45,7
9-D.bin.53,7
14-A.bin.53,7
ERR9527531.bin.23,7
ERR9527533.bin.16,7
ERR9527535.bin.35,7
ERR13934200.bin.15,7
ERR13934205.bin.40,7
ERR13934211.bin.48,7
SRR5209947.bin.14,7
SRR6056296.bin.12,7
SRR16229770.bin.4,7
SRR16229780.bin.25,7
SRR19594459.bin.66,7
SRR19594460.bin.16,7
SRR19594461.bin.65,7
SRR19594465.bin.39,7
SRR19594468.bin.10,7
SRR21412971.bin.20,7
SRR21412972.bin.10,7
SRR21412987.bin.1,7
SRR21412994.bin.17,7
SRR21413008.bin.7,7
SRR23851190.bin.47,7
SRR23851193.bin.60,7
SRR23851199.bin.30,7
SRR28842986.bin.2,7
SRR28842987.bin.43,7
SRR28842987.bin.61,7
SRR28842987.bin.66,7
SRR28842988.bin.56,7
SRR28842988.bin.120,7
SRR28842992.bin.29,7
SRR29646158.bin.82,7
SRR29646159.bin.14,7
SRR29646161.bin.39,7
SRR29689609.bin.67,7
SRR31572241.bin.33,7
SRR31572243.bin.33,7
SRR31572244.bin.18,7
SRR32147493.bin.81,7
SRR32147494.bin.16,7
SRR32147499.bin.2,7
SRR32147499.bin.89,7
SRR32147508.bin.73,7
SRR32147509.bin.27,7
SRR32147509.bin.49,7
SRR32774197.bin.29,7
SRR32774197.bin.38,7
SRR33545837.bin.24,7
SRR33545838.bin.14,7
SRR34563345.bin.20,7
1-b.bin.11,6
1-b.bin.29,6
7-c.bin.59,6
7-D.bin.33,6
9-A.bin.5,6
11-B.bin.9,6
11-C.bin.7,6
11-C.bin.23,6
13-b.bin.42,6
13-C.bin.44,6
16-A.bin.3,6
17-A.bin.3,6
17-A.bin.69,6
17-C.bin.48,6
18-A.bin.92,6
ERR9527527.bin.3,6
ERR9527531.bin.7,6
ERR9527533.bin.39,6
SRR1164896.bin.2,6
SRR1164896.bin.30,6
SRR7976302.bin.15,6
SRR9952631.bin.2,6
SRR9952635.bin.28,6
SRR19594468.bin.50,6
SRR19594469.bin.38,6
SRR21412969.bin.31,6
SRR21412969.bin.41,6
SRR21412972.bin.57,6
SRR21412975.bin.57,6
SRR21412986.bin.37,6
SRR21412997.bin.2,6
SRR21413001.bin.55,6
SRR21413002.bin.31,6
SRR21413003.bin.20,6
SRR21413003.bin.46,6
SRR21413007.bin.13,6
SRR23851181.bin.3,6
SRR23851189.bin.7,6
SRR23851190.bin.29,6
SRR23851197.bin.25,6
SRR28842982.bin.119,6
SRR28842982.bin.129,6
SRR28842986.bin.58,6
SRR28842987.bin.54,6
SRR28842987.bin.68,6
SRR28842987.bin.108,6
SRR28842988.bin.147,6
SRR28842989.bin.8,6
SRR28842989.bin.13,6
SRR28842989.bin.15,6
SRR28842989.bin.27,6
SRR28842989.bin.30,6
SRR29646150.bin.29,6
SRR29646150.bin.43,6
SRR29646155.bin.13,6
SRR29646157.bin.37,6
SRR29646158.bin.67,6
SRR29646158.bin.86,6
SRR29689609.bin.93,6
SRR29689610.bin.15,6
SRR29689610.bin.29,6
SRR29689611.bin.26,6
SRR32147493.bin.32,6
SRR32147493.bin.46,6
SRR32147494.bin.26,6
SRR32147494.bin.53,6
SRR32147495.bin.47,6
SRR32147499.bin.3,6
SRR32147499.bin.69,6
SRR32147508.bin.10,6
SRR32147508.bin.43,6
SRR32147508.bin.95,6
SRR32147508.bin.101,6
SRR32147508.bin.102,6
SRR32147509.bin.36,6
SRR32147509.bin.39,6
SRR32147509.bin.69,6
SRR32774197.bin.34,6
SRR32774198.bin.18,6
SRR32774201.bin.24,6
SRR33545843.bin.11,6
SRR34563345.bin.1,6
6-B.bin.34,5
8-a.bin.8,5
8-a.bin.15,5
9-A.bin.16,5
9-A.bin.19,5
9-A.bin.59,5
9-A.bin.62,5
11-A.bin.6,5
11-A.bin.19,5
13-b.bin.39,5
13-C.bin.37,5
13-d.bin.59,5
14-A.bin.36,5
14-B.bin.23,5
14-B.bin.25,5
16-D.bin.12,5
17-A.bin.5,5
17-B.bin.128,5
17-B.bin.205,5
17-C.bin.165,5
ERR9527525.bin.23,5
ERR9527526.bin.11,5
ERR9527527.bin.11,5
ERR9527528.bin.17,5
ERR9527528.bin.38,5
ERR9527533.bin.36,5
ERR9527534.bin.9,5
ERR9527537.bin.11,5
ERR13934200.bin.16,5
ERR13934208.bin.12,5
SRR7976302.bin.8,5
SRR7976303.bin.29,5
SRR9952635.bin.49,5
SRR16229776.bin.28,5
SRR19594459.bin.47,5
SRR19594461.bin.33,5
SRR21412968.bin.2,5
SRR21412969.bin.7,5
SRR21412971.bin.13,5
SRR21412972.bin.24,5
SRR21412975.bin.30,5
SRR21412975.bin.54,5
SRR21412976.bin.13,5
SRR21412977.bin.21,5
SRR21412977.bin.64,5
SRR21412977.bin.81,5
SRR21412979.bin.3,5
SRR21412986.bin.22,5
SRR21412991.bin.2,5
SRR21412994.bin.5,5
SRR21413007.bin.24,5
SRR21413008.bin.10,5
SRR23851176.bin.26,5
SRR23851176.bin.35,5
SRR23851177.bin.56,5
SRR23851179.bin.14,5
SRR23851193.bin.18,5
SRR23851198.bin.15,5
SRR23851198.bin.21,5
SRR23851203.bin.13,5
SRR23851217.bin.17,5
SRR28842982.bin.32,5
SRR28842982.bin.77,5
SRR28842982.bin.107,5
SRR28842982.bin.120,5
SRR28842986.bin.17,5
SRR28842988.bin.30,5
SRR28842988.bin.36,5
SRR28842992.bin.27,5
SRR29646150.bin.60,5
SRR29646154.bin.12,5
SRR29646154.bin.13,5
SRR29646154.bin.37,5
SRR29646156.bin.33,5
SRR29646157.bin.9,5
SRR29646158.bin.31,5
SRR29646158.bin.39,5
SRR29646160.bin.13,5
SRR29646160.bin.41,5
SRR29689609.bin.99,5
SRR29689611.bin.48,5
SRR31572241.bin.15,5
SRR31572241.bin.32,5
SRR31572242.bin.11,5
SRR31572244.bin.13,5
SRR32147494.bin.6,5
SRR32147499.bin.65,5
SRR32147508.bin.36,5
SRR32147508.bin.69,5
SRR32147508.bin.72,5
SRR32147508.bin.103,5
SRR32147509.bin.17,5
SRR32147509.bin.94,5
SRR32774197.bin.20,5
SRR32774197.bin.26,5
SRR32774199.bin.1,5
SRR32774199.bin.23,5
SRR34563345.bin.2,5
1-d.bin.2,4
4-D.bin.3,4
5-B.bin.14,4
5-C.bin.12,4
6-C.bin.39,4
7-D.bin.36,4
9-A.bin.41,4
9-C.bin.20,4
13-b.bin.77,4
13-C.bin.18,4
16-D.bin.15,4
17-A.bin.11,4
17-B.bin.178,4
17-C.bin.185,4
18-A.bin.19,4
18-A.bin.83,4
18-D.bin.8,4
ERR5003884.bin.2,4
ERR9527528.bin.13,4
ERR9527530.bin.30,4
ERR9527531.bin.3,4
ERR9527531.bin.37,4
ERR13934208.bin.4,4
SRR1164896.bin.12,4
SRR1164896.bin.19,4
SRR1164896.bin.27,4
SRR6056296.bin.14,4
SRR7976302.bin.5,4
SRR16229775.bin.24,4
SRR16229778.bin.24,4
SRR16229787.bin.5,4
SRR16229787.bin.8,4
SRR19594459.bin.41,4
SRR19594461.bin.5,4
SRR19594461.bin.31,4
SRR19594461.bin.36,4
SRR19594467.bin.25,4
SRR19594467.bin.63,4
SRR19594467.bin.70,4
SRR19594468.bin.30,4
SRR19594468.bin.46,4
SRR21412969.bin.29,4
SRR21412969.bin.34,4
SRR21412972.bin.31,4
SRR21412972.bin.50,4
SRR21412975.bin.2,4
SRR21412975.bin.11,4
SRR21412977.bin.43,4
SRR21412981.bin.17,4
SRR21412985.bin.21,4
SRR21412986.bin.96,4
SRR21412993.bin.1,4
SRR21412993.bin.10,4
SRR21412998.bin.2,4
SRR21413002.bin.5,4
SRR21413002.bin.41,4
SRR21413003.bin.21,4
SRR23851189.bin.11,4
SRR23851189.bin.14,4
SRR23851189.bin.20,4
SRR23851194.bin.26,4
SRR23851194.bin.38,4
SRR23851195.bin.57,4
SRR23851195.bin.59,4
SRR23851197.bin.22,4
SRR23851203.bin.5,4
SRR23851205.bin.24,4
SRR23851206.bin.22,4
SRR23929137.bin.7,4
SRR23929140.bin.19,4
SRR23929140.bin.20,4
SRR23929180.bin.14,4
SRR26786792.bin.16,4
SRR28842982.bin.20,4
SRR28842982.bin.86,4
SRR28842982.bin.112,4
SRR28842982.bin.115,4
SRR28842986.bin.24,4
SRR28842987.bin.50,4
SRR28842987.bin.90,4
SRR28842988.bin.4,4
SRR28842988.bin.74,4
SRR28842988.bin.118,4
SRR28842988.bin.124,4
SRR28842989.bin.42,4
SRR28842989.bin.43,4
SRR28842989.bin.49,4
SRR28842989.bin.65,4
SRR28842989.bin.66,4
SRR28842989.bin.75,4
SRR28842992.bin.31,4
SRR29646154.bin.19,4
SRR29646154.bin.30,4
SRR29646154.bin.48,4
SRR29646155.bin.21,4
SRR29646155.bin.23,4
SRR29646156.bin.39,4
SRR29646158.bin.2,4
SRR29646158.bin.43,4
SRR29646159.bin.5,4
SRR31572239.bin.17,4
SRR31572242.bin.4,4
SRR31572244.bin.12,4
SRR31674855.bin.4,4
SRR31674856.bin.28,4
SRR32147493.bin.77,4
SRR32147494.bin.60,4
SRR32147495.bin.14,4
SRR32147508.bin.4,4
SRR32147508.bin.37,4
SRR32147508.bin.71,4
SRR32147509.bin.31,4
SRR32147509.bin.61,4
SRR32147509.bin.81,4
SRR32774197.bin.6,4
SRR32774199.bin.16,4
SRR32774200.bin.13,4
SRR32774200.bin.15,4
SRR32774200.bin.23,4
SRR34563345.bin.33,4
1-b.bin.32,3
1-d.bin.1,3
2-b.bin.34,3
4-B.bin.8,3
4-C.bin.16,3
4-D.bin.11,3
5-B.bin.2,3
5-B.bin.11,3
5-D.bin.20,3
6-B.bin.35,3
6-C.bin.22,3
6-C.bin.32,3
7-B.bin.13,3
7-c.bin.5,3
9-A.bin.4,3
9-A.bin.24,3
9-A.bin.80,3
9-D.bin.15,3
11-A.bin.5,3
13-b.bin.67,3
13-d.bin.32,3
16-D.bin.11,3
17-A.bin.98,3
17-B.bin.76,3
17-B.bin.117,3
17-B.bin.129,3
17-C.bin.33,3
17-C.bin.86,3
18-A.bin.14,3
18-A.bin.57,3
18-A.bin.63,3
18-A.bin.86,3
ERR9527525.bin.44,3
ERR9527525.bin.56,3
ERR9527526.bin.16,3
ERR9527526.bin.21,3
ERR9527531.bin.2,3
ERR9527534.bin.8,3
ERR9527536.bin.33,3
ERR9527536.bin.39,3
ERR13934200.bin.14,3
SRR1164896.bin.24,3
SRR9952631.bin.20,3
SRR16229779.bin.23,3
SRR19594459.bin.24,3
SRR19594459.bin.45,3
SRR19594461.bin.25,3
SRR19594461.bin.60,3
SRR19594461.bin.83,3
SRR19594462.bin.27,3
SRR19594462.bin.29,3
SRR19594464.bin.1,3
SRR19594464.bin.27,3
SRR19594465.bin.10,3
SRR19594465.bin.28,3
SRR19594465.bin.29,3
SRR19594466.bin.7,3
SRR19594467.bin.18,3
SRR19594467.bin.56,3
SRR19594468.bin.6,3
SRR19594468.bin.52,3
SRR19594468.bin.59,3
SRR19594469.bin.31,3
SRR21412971.bin.28,3
SRR21412972.bin.12,3
SRR21412972.bin.59,3
SRR21412975.bin.41,3
SRR21412975.bin.43,3
SRR21412977.bin.15,3
SRR21412977.bin.28,3
SRR21412978.bin.14,3
SRR21412978.bin.19,3
SRR21412986.bin.19,3
SRR21412986.bin.60,3
SRR21412986.bin.86,3
SRR21412992.bin.18,3
SRR21412993.bin.6,3
SRR21412995.bin.22,3
SRR21412995.bin.59,3
SRR21412997.bin.9,3
SRR21413000.bin.10,3
SRR21413001.bin.5,3
SRR21413001.bin.39,3
SRR21413004.bin.9,3
SRR21413004.bin.31,3
SRR21413004.bin.41,3
SRR21413005.bin.36,3
SRR21413006.bin.2,3
SRR23851174.bin.24,3
SRR23851176.bin.13,3
SRR23851176.bin.46,3
SRR23851176.bin.60,3
SRR23851178.bin.5,3
SRR23851182.bin.19,3
SRR23851184.bin.8,3
SRR23851186.bin.10,3
SRR23851189.bin.32,3
SRR23851189.bin.36,3
SRR23851190.bin.27,3
SRR23851191.bin.15,3
SRR23851194.bin.8,3
SRR23851194.bin.17,3
SRR23851194.bin.71,3
SRR23851195.bin.55,3
SRR23851198.bin.2,3
SRR23851199.bin.28,3
SRR23851205.bin.2,3
SRR23851205.bin.16,3
SRR23851210.bin.19,3
SRR23851214.bin.11,3
SRR23851216.bin.20,3
SRR23851217.bin.8,3
SRR23851217.bin.27,3
SRR23929144.bin.12,3
SRR23929144.bin.17,3
SRR23929166.bin.15,3
SRR23929179.bin.11,3
SRR28842982.bin.39,3
SRR28842982.bin.83,3
SRR28842982.bin.117,3
SRR28842982.bin.122,3
SRR28842986.bin.34,3
SRR28842987.bin.62,3
SRR28842987.bin.77,3
SRR28842987.bin.89,3
SRR28842987.bin.94,3
SRR28842988.bin.34,3
SRR28842988.bin.46,3
SRR28842988.bin.83,3
SRR28842988.bin.86,3
SRR28842988.bin.94,3
SRR28842988.bin.119,3
SRR28842989.bin.2,3
SRR28842989.bin.5,3
SRR28842989.bin.18,3
SRR28842989.bin.93,3
SRR28842989.bin.94,3
SRR28842992.bin.15,3
SRR29646150.bin.5,3
SRR29646151.bin.27,3
SRR29646151.bin.30,3
SRR29646151.bin.34,3
SRR29646151.bin.39,3
SRR29646152.bin.5,3
SRR29646154.bin.6,3
SRR29646154.bin.36,3
SRR29646155.bin.30,3
SRR29646157.bin.42,3
SRR29646158.bin.6,3
SRR29646158.bin.32,3
SRR29646158.bin.38,3
SRR29646158.bin.56,3
SRR29646160.bin.8,3
SRR29646160.bin.17,3
SRR29646160.bin.40,3
SRR29689609.bin.34,3
SRR29689609.bin.76,3
SRR29689609.bin.84,3
SRR29689610.bin.20,3
SRR29689610.bin.79,3
SRR29689611.bin.2,3
SRR29689611.bin.4,3
SRR29689611.bin.28,3
SRR29689611.bin.29,3
SRR31572237.bin.2,3
SRR31572239.bin.7,3
SRR31674856.bin.4,3
SRR31674856.bin.23,3
SRR31674856.bin.26,3
SRR32147493.bin.4,3
SRR32147493.bin.14,3
SRR32147493.bin.27,3
SRR32147493.bin.28,3
SRR32147493.bin.80,3
SRR32147495.bin.76,3
SRR32147499.bin.38,3
SRR32147499.bin.44,3
SRR32147499.bin.55,3
SRR32147508.bin.47,3
SRR32147508.bin.61,3
SRR32147508.bin.64,3
SRR32147509.bin.67,3
SRR32147509.bin.70,3
SRR32147509.bin.107,3
SRR32774201.bin.30,3
SRR32774201.bin.40,3
SRR32774201.bin.41,3
SRR33545836.bin.15,3
SRR33545844.bin.7,3
SRR34576099.bin.47,3
SRR34576099.bin.61,3
1-A.bin.22,2
1-A.bin.24,2
1-A.bin.26,2
1-A.bin.27,2
1-b.bin.5,2
1-b.bin.30,2
2-a.bin.29,2
4-C.bin.32,2
5-D.bin.6,2
5-D.bin.56,2
6-B.bin.19,2
6-C.bin.44,2
6-C.bin.46,2
7-B.bin.8,2
9-D.bin.34,2
11-B.bin.18,2
11-C.bin.20,2
13-b.bin.16,2
13-C.bin.47,2
13-C.bin.61,2
13-d.bin.23,2
13-d.bin.30,2
14-A.bin.24,2
17-A.bin.68,2
17-A.bin.79,2
17-A.bin.91,2
17-B.bin.29,2
17-B.bin.121,2
17-B.bin.137,2
17-C.bin.29,2
17-C.bin.37,2
17-C.bin.50,2
17-C.bin.109,2
17-C.bin.122,2
17-C.bin.133,2
18-A.bin.21,2
18-A.bin.29,2
18-D.bin.31,2
ERR5004157.bin.9,2
ERR5004944.bin.8,2
ERR9527525.bin.6,2
ERR9527525.bin.41,2
ERR9527533.bin.44,2
ERR9527535.bin.30,2
ERR13934192.bin.6,2
ERR13934192.bin.19,2
ERR13934200.bin.25,2
ERR13934205.bin.33,2
ERR13934211.bin.2,2
ERR13934211.bin.14,2
ERR13934211.bin.21,2
SRR1164896.bin.4,2
SRR5209947.bin.10,2
SRR5210317.bin.18,2
SRR6056296.bin.20,2
SRR6056296.bin.38,2
SRR7976302.bin.4,2
SRR7976302.bin.19,2
SRR7976302.bin.32,2
SRR7976303.bin.17,2
SRR9952634.bin.9,2
SRR9952635.bin.2,2
SRR9952635.bin.24,2
SRR9952635.bin.51,2
SRR9952635.bin.60,2
SRR14626313.bin.11,2
SRR16229770.bin.19,2
SRR16229776.bin.18,2
SRR16229776.bin.19,2
SRR16229776.bin.23,2
SRR16229787.bin.30,2
SRR19594458.bin.15,2
SRR19594459.bin.1,2
SRR19594459.bin.23,2
SRR19594461.bin.19,2
SRR19594461.bin.38,2
SRR19594461.bin.50,2
SRR19594461.bin.62,2
SRR19594461.bin.63,2
SRR19594461.bin.66,2
SRR19594461.bin.70,2
SRR19594462.bin.5,2
SRR19594464.bin.18,2
SRR19594464.bin.26,2
SRR19594465.bin.45,2
SRR19594466.bin.26,2
SRR19594467.bin.10,2
SRR19594467.bin.59,2
SRR19594467.bin.69,2
SRR19594468.bin.3,2
SRR19594468.bin.48,2
SRR19594468.bin.51,2
SRR19594469.bin.35,2
SRR19594469.bin.37,2
SRR21412969.bin.13,2
SRR21412969.bin.39,2
SRR21412972.bin.4,2
SRR21412972.bin.9,2
SRR21412972.bin.27,2
SRR21412972.bin.28,2
SRR21412972.bin.69,2
SRR21412975.bin.7,2
SRR21412975.bin.10,2
SRR21412975.bin.15,2
SRR21412976.bin.5,2
SRR21412977.bin.25,2
SRR21412977.bin.29,2
SRR21412977.bin.50,2
SRR21412977.bin.80,2
SRR21412980.bin.14,2
SRR21412982.bin.11,2
SRR21412986.bin.10,2
SRR21412986.bin.13,2
SRR21412986.bin.18,2
SRR21412986.bin.89,2
SRR21412986.bin.91,2
SRR21412986.bin.98,2
SRR21412986.bin.99,2
SRR21412986.bin.100,2
SRR21412988.bin.8,2
SRR21412988.bin.22,2
SRR21412989.bin.6,2
SRR21412990.bin.14,2
SRR21412991.bin.19,2
SRR21412994.bin.1,2
SRR21412994.bin.19,2
SRR21413000.bin.26,2
SRR21413001.bin.6,2
SRR21413001.bin.25,2
SRR21413001.bin.32,2
SRR21413001.bin.58,2
SRR21413003.bin.17,2
SRR21413005.bin.6,2
SRR21413005.bin.10,2
SRR21413006.bin.31,2
SRR23851168.bin.16,2
SRR23851171.bin.11,2
SRR23851173.bin.3,2
SRR23851175.bin.55,2
SRR23851176.bin.32,2
SRR23851177.bin.32,2
SRR23851177.bin.38,2
SRR23851183.bin.25,2
SRR23851183.bin.28,2
SRR23851185.bin.4,2
SRR23851186.bin.22,2
SRR23851187.bin.14,2
SRR23851190.bin.16,2
SRR23851190.bin.28,2
SRR23851190.bin.31,2
SRR23851190.bin.54,2
SRR23851191.bin.17,2
SRR23851192.bin.2,2
SRR23851192.bin.15,2
SRR23851192.bin.26,2
SRR23851193.bin.35,2
SRR23851194.bin.12,2
SRR23851199.bin.19,2
SRR23851200.bin.39,2
SRR23851201.bin.15,2
SRR23851203.bin.11,2
SRR23851205.bin.7,2
SRR23851205.bin.19,2
SRR23851206.bin.12,2
SRR23851207.bin.24,2
SRR23851208.bin.15,2
SRR23851210.bin.9,2
SRR23851212.bin.6,2
SRR23851214.bin.22,2
SRR23851216.bin.3,2
SRR23851217.bin.4,2
SRR23851217.bin.12,2
SRR23929150.bin.4,2
SRR23929179.bin.1,2
SRR28842982.bin.6,2
SRR28842982.bin.18,2
SRR28842982.bin.21,2
SRR28842982.bin.43,2
SRR28842982.bin.58,2
SRR28842982.bin.64,2
SRR28842982.bin.126,2
SRR28842982.bin.128,2
SRR28842987.bin.42,2
SRR28842987.bin.55,2
SRR28842987.bin.80,2
SRR28842987.bin.99,2
SRR28842987.bin.103,2
SRR28842988.bin.3,2
SRR28842988.bin.7,2
SRR28842988.bin.28,2
SRR28842988.bin.81,2
SRR28842988.bin.85,2
SRR28842988.bin.90,2
SRR28842988.bin.113,2
SRR28842989.bin.1,2
SRR28842989.bin.51,2
SRR28842992.bin.9,2
SRR28842992.bin.11,2
SRR29646150.bin.17,2
SRR29646150.bin.22,2
SRR29646157.bin.1,2
SRR29646157.bin.21,2
SRR29646158.bin.7,2
SRR29646158.bin.25,2
SRR29646158.bin.50,2
SRR29646158.bin.73,2
SRR29646158.bin.83,2
SRR29646159.bin.23,2
SRR29646160.bin.23,2
SRR29646160.bin.42,2
SRR29646161.bin.4,2
SRR29646161.bin.18,2
SRR29646161.bin.45,2
SRR29646161.bin.51,2
SRR29689609.bin.6,2
SRR29689609.bin.59,2
SRR29689611.bin.6,2
SRR29689611.bin.10,2
SRR29689611.bin.75,2
SRR29689611.bin.78,2
SRR29689611.bin.90,2
SRR31572242.bin.7,2
SRR31572242.bin.29,2
SRR31572243.bin.32,2
SRR31572244.bin.5,2
SRR31674855.bin.3,2
SRR32147493.bin.42,2
SRR32147493.bin.59,2
SRR32147493.bin.68,2
SRR32147493.bin.74,2
SRR32147494.bin.52,2
SRR32147494.bin.68,2
SRR32147494.bin.74,2
SRR32147495.bin.32,2
SRR32147495.bin.66,2
SRR32147498.bin.6,2
SRR32147498.bin.11,2
SRR32147499.bin.26,2
SRR32147508.bin.14,2
SRR32147508.bin.90,2
SRR32147508.bin.96,2
SRR32147508.bin.97,2
SRR32147508.bin.105,2
SRR32147508.bin.112,2
SRR32147509.bin.1,2
SRR32147509.bin.5,2
SRR32147509.bin.20,2
SRR32147509.bin.46,2
SRR32147509.bin.58,2
SRR32147509.bin.79,2
SRR32147509.bin.84,2
SRR32147509.bin.113,2
SRR32774196.bin.18,2
SRR32774197.bin.14,2
SRR32774197.bin.27,2
SRR32774197.bin.32,2
SRR32774197.bin.37,2
SRR32774198.bin.9,2
SRR32774199.bin.10,2
SRR32774199.bin.12,2
SRR32774199.bin.27,2
SRR32774201.bin.28,2
SRR32774201.bin.36,2
SRR33545837.bin.16,2
SRR33545838.bin.6,2
SRR33545845.bin.2,2
SRR34563345.bin.28,2
SRR34563345.bin.31,2
SRR34576098.bin.8,2
SRR34576098.bin.12,2
SRR34576099.bin.51,2
SRR34576099.bin.55,2
1-b.bin.6,1
1-b.bin.20,1
2-a.bin.7,1
2-b.bin.7,1
2-b.bin.26,1
4-B.bin.24,1
4-B.bin.27,1
4-B.bin.28,1
4-B.bin.44,1
4-C.bin.7,1
4-D.bin.19,1
5-B.bin.7,1
5-B.bin.28,1
5-C.bin.9,1
5-C.bin.40,1
5-D.bin.34,1
5-D.bin.48,1
6-B.bin.28,1
6-C.bin.13,1
6-C.bin.42,1
6-C.bin.47,1
7-D.bin.13,1
7-D.bin.23,1
7-D.bin.27,1
7-D.bin.44,1
7-D.bin.45,1
9-A.bin.18,1
9-A.bin.27,1
9-A.bin.33,1
9-D.bin.55,1
11-B.bin.15,1
13-b.bin.46,1
13-C.bin.36,1
13-C.bin.56,1
13-d.bin.22,1
13-d.bin.31,1
13-d.bin.41,1
14-A.bin.32,1
14-C.bin.7,1
16-D.bin.7,1
17-A.bin.1,1
17-A.bin.25,1
17-A.bin.43,1
17-B.bin.48,1
17-B.bin.103,1
17-B.bin.135,1
17-B.bin.153,1
17-B.bin.193,1
17-C.bin.17,1
17-C.bin.58,1
17-C.bin.70,1
17-C.bin.150,1
18-A.bin.11,1
18-A.bin.16,1
18-A.bin.17,1
18-A.bin.32,1
18-A.bin.39,1
18-A.bin.49,1
18-A.bin.52,1
18-A.bin.78,1
18-A.bin.91,1
18-C.bin.30,1
ERR5004944.bin.23,1
ERR9527526.bin.35,1
ERR9527528.bin.30,1
ERR9527537.bin.8,1
SRR5210317.bin.12,1
SRR6056279.bin.4,1
SRR6056279.bin.21,1
SRR6056300.bin.14,1
SRR6056300.bin.29,1
SRR7976302.bin.36,1
SRR9952631.bin.6,1
SRR9952631.bin.13,1
SRR9952631.bin.15,1
SRR9952631.bin.31,1
SRR9952635.bin.32,1
SRR9952635.bin.46,1
SRR9952635.bin.61,1
SRR9952635.bin.65,1
SRR9952635.bin.66,1
SRR9952635.bin.70,1
SRR14626313.bin.6,1
SRR16229776.bin.7,1
SRR16229776.bin.11,1
SRR16229779.bin.10,1
SRR16229779.bin.18,1
SRR16229780.bin.7,1
SRR16229781.bin.9,1
SRR16229781.bin.11,1
SRR16229785.bin.13,1
SRR16229785.bin.24,1
SRR19594458.bin.6,1
SRR19594458.bin.8,1
SRR19594459.bin.3,1
SRR19594459.bin.18,1
SRR19594459.bin.20,1
SRR19594459.bin.33,1
SRR19594459.bin.54,1
SRR19594459.bin.56,1
SRR19594461.bin.10,1
SRR19594461.bin.47,1
SRR19594461.bin.68,1
SRR19594461.bin.81,1
SRR19594462.bin.6,1
SRR19594462.bin.17,1
SRR19594462.bin.31,1
SRR19594463.bin.1,1
SRR19594463.bin.37,1
SRR19594463.bin.40,1
SRR19594464.bin.31,1
SRR19594465.bin.18,1
SRR19594465.bin.20,1
SRR19594465.bin.38,1
SRR19594465.bin.44,1
SRR19594466.bin.9,1
SRR19594466.bin.22,1
SRR19594467.bin.19,1
SRR19594467.bin.45,1
SRR19594468.bin.25,1
SRR19594468.bin.37,1
SRR19594468.bin.42,1
SRR19594468.bin.45,1
SRR19594468.bin.66,1
SRR19594468.bin.67,1
SRR19594469.bin.3,1
SRR19594469.bin.25,1
SRR21412969.bin.4,1
SRR21412969.bin.18,1
SRR21412969.bin.19,1
SRR21412969.bin.22,1
SRR21412969.bin.23,1
SRR21412972.bin.49,1
SRR21412975.bin.14,1
SRR21412976.bin.8,1
SRR21412976.bin.14,1
SRR21412976.bin.21,1
SRR21412977.bin.11,1
SRR21412977.bin.26,1
SRR21412977.bin.32,1
SRR21412977.bin.44,1
SRR21412977.bin.45,1
SRR21412977.bin.68,1
SRR21412977.bin.71,1
SRR21412977.bin.77,1
SRR21412978.bin.11,1
SRR21412978.bin.16,1
SRR21412979.bin.11,1
SRR21412979.bin.32,1
SRR21412980.bin.21,1
SRR21412985.bin.20,1
SRR21412986.bin.45,1
SRR21412986.bin.50,1
SRR21412986.bin.53,1
SRR21412986.bin.87,1
SRR21412988.bin.21,1
SRR21412989.bin.12,1
SRR21412990.bin.20,1
SRR21412992.bin.15,1
SRR21412993.bin.18,1
SRR21412994.bin.18,1
SRR21412994.bin.33,1
SRR21412995.bin.7,1
SRR21412995.bin.11,1
SRR21412995.bin.16,1
SRR21412995.bin.28,1
SRR21412995.bin.45,1
SRR21413001.bin.3,1
SRR21413001.bin.54,1
SRR21413002.bin.53,1
SRR21413003.bin.6,1
SRR21413003.bin.40,1
SRR21413003.bin.48,1
SRR21413004.bin.14,1
SRR21413005.bin.11,1
SRR21413006.bin.14,1
SRR21413007.bin.32,1
SRR21413008.bin.13,1
SRR23851170.bin.25,1
SRR23851171.bin.14,1
SRR23851171.bin.18,1
SRR23851171.bin.20,1
SRR23851173.bin.10,1
SRR23851175.bin.35,1
SRR23851176.bin.2,1
SRR23851176.bin.34,1
SRR23851176.bin.48,1
SRR23851176.bin.56,1
SRR23851177.bin.1,1
SRR23851179.bin.8,1
SRR23851181.bin.1,1
SRR23851181.bin.11,1
SRR23851185.bin.10,1
SRR23851186.bin.1,1
SRR23851186.bin.3,1
SRR23851186.bin.32,1
SRR23851188.bin.9,1
SRR23851189.bin.17,1
SRR23851189.bin.48,1
SRR23851189.bin.62,1
SRR23851190.bin.2,1
SRR23851190.bin.25,1
SRR23851190.bin.33,1
SRR23851190.bin.40,1
SRR23851190.bin.42,1
SRR23851190.bin.50,1
SRR23851190.bin.52,1
SRR23851190.bin.59,1
SRR23851191.bin.24,1
SRR23851191.bin.72,1
SRR23851193.bin.33,1
SRR23851193.bin.39,1
SRR23851193.bin.50,1
SRR23851194.bin.3,1
SRR23851194.bin.52,1
SRR23851194.bin.67,1
SRR23851195.bin.16,1
SRR23851195.bin.44,1
SRR23851196.bin.8,1
SRR23851196.bin.29,1
SRR23851197.bin.20,1
SRR23851198.bin.26,1
SRR23851198.bin.38,1
SRR23851199.bin.10,1
SRR23851202.bin.10,1
SRR23851203.bin.19,1
SRR23851206.bin.2,1
SRR23851206.bin.9,1
SRR23851209.bin.9,1
SRR23851210.bin.20,1
SRR23851211.bin.1,1
SRR23851212.bin.14,1
SRR23851213.bin.9,1
SRR23851213.bin.11,1
SRR23851213.bin.13,1
SRR23851213.bin.19,1
SRR23851215.bin.17,1
SRR23851215.bin.29,1
SRR23851217.bin.33,1
SRR23929139.bin.23,1
SRR23929191.bin.7,1
SRR26786791.bin.16,1
SRR26786791.bin.19,1
SRR26786791.bin.31,1
SRR28842982.bin.24,1
SRR28842982.bin.70,1
SRR28842982.bin.90,1
SRR28842982.bin.92,1
SRR28842986.bin.14,1
SRR28842986.bin.18,1
SRR28842986.bin.46,1
SRR28842987.bin.22,1
SRR28842987.bin.35,1
SRR28842987.bin.47,1
SRR28842987.bin.53,1
SRR28842987.bin.64,1
SRR28842987.bin.81,1
SRR28842987.bin.84,1
SRR28842987.bin.104,1
SRR28842988.bin.16,1
SRR28842988.bin.136,1
SRR28842992.bin.7,1
SRR28842992.bin.13,1
SRR28842992.bin.21,1
SRR29646150.bin.48,1
SRR29646151.bin.22,1
SRR29646154.bin.1,1
SRR29646154.bin.4,1
SRR29646154.bin.15,1
SRR29646154.bin.43,1
SRR29646154.bin.46,1
SRR29646155.bin.25,1
SRR29646155.bin.47,1
SRR29646156.bin.16,1
SRR29646156.bin.21,1
SRR29646156.bin.23,1
SRR29646156.bin.32,1
SRR29646157.bin.14,1
SRR29646157.bin.20,1
SRR29646157.bin.30,1
SRR29646157.bin.44,1
SRR29646158.bin.60,1
SRR29646158.bin.63,1
SRR29646159.bin.7,1
SRR29646160.bin.3,1
SRR29646160.bin.27,1
SRR29646161.bin.33,1
SRR29646161.bin.37,1
SRR29646161.bin.53,1
SRR29689609.bin.2,1
SRR29689609.bin.8,1
SRR29689609.bin.57,1
SRR29689609.bin.68,1
SRR29689609.bin.83,1
SRR29689609.bin.88,1
SRR29689610.bin.58,1
SRR29792380.bin.3,1
SRR29792384.bin.9,1
SRR31572243.bin.2,1
SRR31572243.bin.22,1
SRR31572244.bin.15,1
SRR31572244.bin.16,1
SRR31674855.bin.18,1
SRR31674856.bin.10,1
SRR31674856.bin.15,1
SRR31674856.bin.19,1
SRR31674856.bin.20,1
SRR32147493.bin.34,1
SRR32147493.bin.45,1
SRR32147493.bin.60,1
SRR32147494.bin.5,1
SRR32147494.bin.13,1
SRR32147495.bin.44,1
SRR32147495.bin.51,1
SRR32147495.bin.91,1
SRR32147498.bin.22,1
SRR32147499.bin.8,1
SRR32147499.bin.10,1
SRR32147499.bin.11,1
SRR32147508.bin.48,1
SRR32147508.bin.54,1
SRR32147509.bin.13,1
SRR32147509.bin.14,1
SRR32147509.bin.85,1
SRR32147509.bin.87,1
SRR32147509.bin.96,1
SRR32147509.bin.108,1
SRR32147509.bin.114,1
SRR32774198.bin.21,1
SRR32774200.bin.11,1
SRR32774201.bin.16,1
SRR32774201.bin.50,1
SRR32774201.bin.53,1
SRR34563345.bin.39,1
SRR34576098.bin.10,1
SRR34576098.bin.15,1
SRR34576099.bin.3,1
SRR34576099.bin.31,1
SRR34576099.bin.42,1
SRR34576099.bin.57,1
SRR34576099.bin.69,1
SRR34576099.bin.72,1
SRR34576099.bin.76,1
SRR34576099.bin.85,1
SRR34576099.bin.95,1
SRR34576099.bin.96,0
SRR34576099.bin.97,0
SRR34576099.bin.98,0
SRR34576099.bin.99,0
SRR34576099.bin.100,0
SRR34576099.bin.101,0
SRR34576099.bin.102,0
SRR34576099.bin.103,0
SRR34576099.bin.104,0
SRR34576099.bin.105,0
SRR34576099.bin.106,0
SRR34576099.bin.107,0
SRR34576099.bin.108,0
SRR34576099.bin.109,0
SRR34576099.bin.110,0
SRR34576099.bin.111,0
SRR34576099.bin.112,0
SRR34576099.bin.113,0
SRR34576099.bin.114,0
SRR34576099.bin.115,0
SRR34576099.bin.116,0
SRR34576099.bin.117,0
SRR34576099.bin.118,0
SRR34576099.bin.119,0
SRR34576099.bin.120,0
SRR34576099.bin.121,0
SRR34576099.bin.122,0
SRR34576099.bin.123,0
SRR34576099.bin.124,0
SRR34576099.bin.125,0
SRR34576099.bin.126,0
SRR34576099.bin.127,0
SRR34576099.bin.128,0
SRR34576099.bin.129,0
SRR34576099.bin.130,0
SRR34576099.bin.131,0
SRR34576099.bin.132,0
SRR34576099.bin.133,0
SRR34576099.bin.134,0
SRR34576099.bin.135,0
SRR34576099.bin.136,0
SRR34576099.bin.137,0
SRR34576099.bin.138,0
SRR34576099.bin.139,0
SRR34576099.bin.140,0
SRR34576099.bin.141,0
SRR34576099.bin.142,0
SRR34576099.bin.143,0
SRR34576099.bin.144,0
SRR34576099.bin.145,0
SRR34576099.bin.146,0
SRR34576099.bin.147,0
SRR34576099.bin.148,0
SRR34576099.bin.149,0
SRR34576099.bin.150,0
SRR34576099.bin.151,0
SRR34576099.bin.152,0
SRR34576099.bin.153,0
SRR34576099.bin.154,0
SRR34576099.bin.155,0
SRR34576099.bin.156,0
SRR34576099.bin.157,0
SRR34576099.bin.158,0
SRR34576099.bin.159,0
SRR34576099.bin.160,0
SRR34576099.bin.161,0
SRR34576099.bin.162,0
SRR34576099.bin.163,0
SRR34576099.bin.164,0
SRR34576099.bin.165,0
SRR34576099.bin.166,0
SRR34576099.bin.167,0
SRR34576099.bin.168,0
SRR34576099.bin.169,0
SRR34576099.bin.170,0
SRR34576099.bin.171,0
SRR34576099.bin.172,0
SRR34576099.bin.173,0
SRR34576099.bin.174,0
SRR34576099.bin.175,0
SRR34576099.bin.176,0
SRR34576099.bin.177,0
SRR34576099.bin.178,0
SRR34576099.bin.179,0
SRR34576099.bin.180,0
SRR34576099.bin.181,0
SRR34576099.bin.182,0
SRR34576099.bin.183,0
SRR34576099.bin.184,0
SRR34576099.bin.185,0
SRR34576099.bin.186,0
SRR34576099.bin.187,0
SRR34576099.bin.188,0
SRR34576099.bin.189,0
SRR34576099.bin.190,0
SRR34576099.bin.191,0
SRR34576099.bin.192,0
SRR34576099.bin.193,0
SRR34576099.bin.194,0
SRR34576099.bin.195,0
SRR34576099.bin.196,0
SRR34576099.bin.197,0
SRR34576099.bin.198,0
SRR34576099.bin.199,0
SRR34576099.bin.200,0
SRR34576099.bin.201,0
SRR34576099.bin.202,0
SRR34576099.bin.203,0
SRR34576099.bin.204,0
SRR34576099.bin.205,0
SRR34576099.bin.206,0
SRR34576099.bin.207,0
SRR34576099.bin.208,0
SRR34576099.bin.209,0
SRR34576099.bin.210,0
SRR34576099.bin.211,0
SRR34576099.bin.212,0
SRR34576099.bin.213,0
SRR34576099.bin.214,0
SRR34576099.bin.215,0
SRR34576099.bin.216,0
SRR34576099.bin.217,0
SRR34576099.bin.218,0
SRR34576099.bin.219,0
SRR34576099.bin.220,0
SRR34576099.bin.221,0
SRR34576099.bin.222,0
SRR34576099.bin.223,0
SRR34576099.bin.224,0
SRR34576099.bin.225,0
SRR34576099.bin.226,0
SRR34576099.bin.227,0
SRR34576099.bin.228,0
SRR34576099.bin.229,0
SRR34576099.bin.230,0
SRR34576099.bin.231,0
SRR34576099.bin.232,0
SRR34576099.bin.233,0
SRR34576099.bin.234,0
SRR34576099.bin.235,0
SRR34576099.bin.236,0
SRR34576099.bin.237,0
SRR34576099.bin.238,0
SRR34576099.bin.239,0
SRR34576099.bin.240,0
SRR34576099.bin.241,0
SRR34576099.bin.242,0
SRR34576099.bin.243,0
SRR34576099.bin.244,0
SRR34576099.bin.245,0
SRR34576099.bin.246,0
SRR34576099.bin.247,0
SRR34576099.bin.248,0
SRR34576099.bin.249,0
SRR34576099.bin.250,0
SRR34576099.bin.251,0
SRR34576099.bin.252,0
SRR34576099.bin.253,0
SRR34576099.bin.254,0
SRR34576099.bin.255,0
SRR34576099.bin.256,0
SRR34576099.bin.257,0
SRR34576099.bin.258,0
SRR34576099.bin.259,0
SRR34576099.bin.260,0
SRR34576099.bin.261,0
SRR34576099.bin.262,0
SRR34576099.bin.263,0
SRR34576099.bin.264,0
SRR34576099.bin.265,0
SRR34576099.bin.266,0
SRR34576099.bin.267,0
SRR34576099.bin.268,0
SRR34576099.bin.269,0
SRR34576099.bin.270,0
SRR34576099.bin.271,0
SRR34576099.bin.272,0
SRR34576099.bin.273,0
SRR34576099.bin.274,0
SRR34576099.bin.275,0
SRR34576099.bin.276,0
SRR34576099.bin.277,0
SRR34576099.bin.278,0
SRR34576099.bin.279,0
SRR34576099.bin.280,0
SRR34576099.bin.281,0
SRR34576099.bin.282,0
SRR34576099.bin.283,0
SRR34576099.bin.284,0
SRR34576099.bin.285,0
SRR34576099.bin.286,0
SRR34576099.bin.287,0
SRR34576099.bin.288,0
SRR34576099.bin.289,0
SRR34576099.bin.290,0
SRR34576099.bin.291,0
SRR34576099.bin.292,0
SRR34576099.bin.293,0
SRR34576099.bin.294,0
SRR34576099.bin.295,0
SRR34576099.bin.296,0
SRR34576099.bin.297,0
SRR34576099.bin.298,0
SRR34576099.bin.299,0
SRR34576099.bin.300,0
SRR34576099.bin.301,0
SRR34576099.bin.302,0
SRR34576099.bin.303,0
SRR34576099.bin.304,0
SRR34576099.bin.305,0
SRR34576099.bin.306,0
SRR34576099.bin.307,0
SRR34576099.bin.308,0
SRR34576099.bin.309,0
SRR34576099.bin.310,0
SRR34576099.bin.311,0
SRR34576099.bin.312,0
SRR34576099.bin.313,0
SRR34576099.bin.314,0
SRR34576099.bin.315,0
SRR34576099.bin.316,0
SRR34576099.bin.317,0
SRR34576099.bin.318,0
SRR34576099.bin.319,0
SRR34576099.bin.320,0
SRR34576099.bin.321,0
SRR34576099.bin.322,0
SRR34576099.bin.323,0
SRR34576099.bin.324,0
SRR34576099.bin.325,0
SRR34576099.bin.326,0
SRR34576099.bin.327,0
SRR34576099.bin.328,0
SRR34576099.bin.329,0
SRR34576099.bin.330,0
SRR34576099.bin.331,0
SRR34576099.bin.332,0
SRR34576099.bin.333,0
SRR34576099.bin.334,0
SRR34576099.bin.335,0
SRR34576099.bin.336,0
SRR34576099.bin.337,0
SRR34576099.bin.338,0
SRR34576099.bin.339,0
SRR34576099.bin.340,0
SRR34576099.bin.341,0
SRR34576099.bin.342,0
SRR34576099.bin.343,0
SRR34576099.bin.344,0
SRR34576099.bin.345,0
SRR34576099.bin.346,0
SRR34576099.bin.347,0
SRR34576099.bin.348,0
SRR34576099.bin.349,0
SRR34576099.bin.350,0
SRR34576099.bin.351,0
SRR34576099.bin.352,0
SRR34576099.bin.353,0
SRR34576099.bin.354,0
SRR34576099.bin.355,0
SRR34576099.bin.356,0
SRR34576099.bin.357,0
SRR34576099.bin.358,0
SRR34576099.bin.359,0
SRR34576099.bin.360,0
SRR34576099.bin.361,0
SRR34576099.bin.362,0
SRR34576099.bin.363,0
SRR34576099.bin.364,0
SRR34576099.bin.365,0
SRR34576099.bin.366,0
SRR34576099.bin.367,0
SRR34576099.bin.368,0
SRR34576099.bin.369,0
SRR34576099.bin.370,0
SRR34576099.bin.371,0
SRR34576099.bin.372,0
SRR34576099.bin.373,0
SRR34576099.bin.374,0
SRR34576099.bin.375,0
SRR34576099.bin.376,0
SRR34576099.bin.377,0
SRR34576099.bin.378,0
SRR34576099.bin.379,0
SRR34576099.bin.380,0
SRR34576099.bin.381,0
SRR34576099.bin.382,0
SRR34576099.bin.383,0
SRR34576099.bin.384,0
SRR34576099.bin.385,0
SRR34576099.bin.386,0
SRR34576099.bin.387,0
SRR34576099.bin.388,0
SRR34576099.bin.389,0
SRR34576099.bin.390,0
SRR34576099.bin.391,0
SRR34576099.bin.392,0
SRR34576099.bin.393,0
SRR34576099.bin.394,0
SRR34576099.bin.395,0
SRR34576099.bin.396,0
SRR34576099.bin.397,0
SRR34576099.bin.398,0
SRR34576099.bin.399,0
SRR34576099.bin.400,0
