Bacteria_Phylum,The_Aral_Sea_novelty,Public_novelty,Published
Bacillota_D(3),0,0,0.002918143
SAR324(3),0,0.002918143,0
Chlamydiota(4),0,0,0.006808999
Hydrogenedentota(5),0,0.006808999,0
KSB1(3),0.006808999,0,0
Methylomirabilota(3),0,0,0.006808999
Elusimicrobiota(3),0,0,0.006906271
Spirochaetota(6),0,0.008754428,0
Fibrobacterota(3),0,0,0.010213499
Bdellovibrionota(3),0,0,0.012256199
Desulfobacterota_D(4),0,0.015806605,0
Nitrospirota(9),0,0,0.015806605
Bacillota(26),0,0,0.018143514
Cyanobacteriota(16),0,0.012937099,0.006808999
Myxococcota_A(6),0,0.019648826,0.006808999
Bacillota_B(4),0,0.010213499,0.016712998
Patescibacteria(10),0,0.012937099,0.017476431
Bacillota_A(14),0,0.016414552,0.014898739
Planctomycetota(47),0,0.015299983,0.016585145
Verrucomicrobiota(16),0,0.017849305,0.016585145
Desulfobacterota_B(10),0.015466155,0.012937099,0.015466155
Desulfobacterota(41),0,0.014898739,0.02913663
Bacillota_I(13),0,0.012998999,0.033827487
Myxococcota(32),0.017022498,0.006808999,0.027757735
Acidobacteriota(80),0.001857,0.029762462,0.034313444
Bacteroidota(204),0.010412463,0.028364912,0.039215471
Gemmatimonadota(123),0.031441588,0.026610389,0.036846089
Pseudomonadota(646),0.029021731,0.038766778,0.039091061
Chloroflexota(94),0.032983743,0.036835816,0.040851723
Actinomycetota(290),0.02313618,0.041292199,0.056588919
