Archaea_ID,Archaea_phylum,BiG-SCAPE class
14-C.bin.44,Thermoplasmatota,PKSI
17-A.bin.26,Thermoplasmatota,PKSother
17-A.bin.26,Thermoplasmatota,PKSI
17-B.bin.113,Thermoplasmatota,PKSI
17-C.bin.13,Thermoplasmatota,PKSI
17-C.bin.13,Thermoplasmatota,PKSother
17-C.bin.161,Thermoplasmatota,PKSI
18-A.bin.45,Thermoplasmatota,PKSI
6-B.bin.52,Thermoplasmatota,PKSI
9-D.bin.44,Thermoplasmatota,PKSI
9-D.bin.44,Thermoplasmatota,PKSother
SRR19594467.bin.65,Thermoplasmatota,PKSI
SRR19594467.bin.65,Thermoplasmatota,PKSother
SRR19594469.bin.14,Halobacteriota,RiPPs
SRR19594469.bin.14,Halobacteriota,Terpene
SRR21412979.bin.29,Halobacteriota,RiPPs
SRR21412979.bin.29,Halobacteriota,Terpene
SRR21412985.bin.27,Halobacteriota,RiPPs
SRR21412985.bin.9,Halobacteriota,RiPPs
SRR21412985.bin.9,Halobacteriota,NI-siderophore
SRR21412986.bin.51,Halobacteriota,RiPPs
SRR21412986.bin.51,Halobacteriota,Terpene
SRR21412992.bin.20,Thermoplasmatota,PKSother
SRR21412992.bin.20,Thermoplasmatota,phosphonate
SRR21412992.bin.20,Thermoplasmatota,PKSI
SRR21412994.bin.26,Thermoplasmatota,PKSI
SRR21412994.bin.26,Thermoplasmatota,PKSother
SRR21412994.bin.42,Thermoplasmatota,PKSI
SRR21412994.bin.42,Thermoplasmatota,PKSother
SRR21412995.bin.27,Thermoplasmatota,PKSother
SRR21412995.bin.27,Thermoplasmatota,PKSI
SRR21412995.bin.27,Thermoplasmatota,NI-siderophore
SRR21412995.bin.27,Thermoplasmatota,NI-siderophore
SRR21412996.bin.8,Halobacteriota,NI-siderophore
SRR21412996.bin.8,Halobacteriota,Terpene
SRR21412996.bin.8,Halobacteriota,RiPPs
SRR21412996.bin.8,Halobacteriota,RiPPs
SRR21413006.bin.35,Halobacteriota,Terpene
SRR21413006.bin.35,Halobacteriota,RiPPs
SRR23851185.bin.6,Thermoplasmatota,PKSI
SRR23851190.bin.36,Halobacteriota,Terpene
SRR23851190.bin.36,Halobacteriota,RiPPs
SRR23851190.bin.36,Halobacteriota,NI-siderophore
SRR29792384.bin.4,Thermoproteota,RiPPs
SRR32147494.bin.35,Thermoproteota,RiPPs
SRR32147494.bin.35,Thermoproteota,NRPS
SRR32147495.bin.28,Thermoproteota,RiPPs
SRR32147495.bin.28,Thermoproteota,RiPPs
SRR34563345.bin.52,Halobacteriota,Terpene
SRR34563345.bin.52,Halobacteriota,RiPPs
SRR34576099.bin.10,Thermoplasmatota,PKSI
SRR34576099.bin.28,Thermoplasmatota,PKSI
SRR34576099.bin.28,Thermoplasmatota,PKSother
13-b.bin.1,Thermoplasmatota,PKSI
13-b.bin.1,Thermoplasmatota,PKSother
13-b.bin.62,Halobacteriota,RiPPs
17-B.bin.108,Thermoplasmatota,PKSI
17-B.bin.109,Thermoproteota,RiPPs
17-B.bin.164,Nanoarchaeota,phosphonate
17-B.bin.201,Thermoplasmatota,PKSI
17-B.bin.201,Thermoplasmatota,PKSother
17-C.bin.137,Thermoplasmatota,PKSI
18-A.bin.7,Thermoproteota,RiPPs
2-b.bin.42,Thermoplasmatota,PKSI
7-c.bin.57,Thermoplasmatota,RiPPs
7-c.bin.57,Thermoplasmatota,PKSother
7-c.bin.57,Thermoplasmatota,PKSI
7-c.bin.57,Thermoplasmatota,RiPPs
SRR14626313.bin.26,Halobacteriota,Terpene
SRR14626314.bin.11,Nanohaloarchaeota,Terpene
SRR14626314.bin.2,Halobacteriota,RiPPs
SRR14626314.bin.2,Halobacteriota,Terpene
SRR14626314.bin.21,Halobacteriota,Terpene
SRR14626314.bin.21,Halobacteriota,Terpene
SRR14626314.bin.23,Halobacteriota,RiPPs
SRR14626314.bin.23,Halobacteriota,Terpene
SRR14626314.bin.24,Halobacteriota,Terpene
SRR14626314.bin.24,Halobacteriota,RiPPs
SRR14626314.bin.3,Halobacteriota,Terpene
SRR14626314.bin.3,Halobacteriota,RiPPs
SRR14626314.bin.3,Halobacteriota,RiPPs
SRR14626314.bin.3,Halobacteriota,Terpene
SRR14626314.bin.6,Halobacteriota,Terpene
SRR14626314.bin.6,Halobacteriota,RiPPs
SRR14626314.bin.8,Halobacteriota,Terpene
SRR14626314.bin.8,Halobacteriota,Terpene
SRR14626314.bin.8,Halobacteriota,RiPPs
SRR19594459.bin.44,Halobacteriota,Terpene
SRR19594459.bin.68,Halobacteriota,Terpene
SRR19594459.bin.68,Halobacteriota,RiPPs
SRR19594461.bin.14,Halobacteriota,RiPPs
SRR19594461.bin.48,Halobacteriota,Terpene
SRR19594461.bin.48,Halobacteriota,RiPPs
SRR19594461.bin.7,Halobacteriota,Terpene
SRR19594461.bin.7,Halobacteriota,NI-siderophore
SRR19594461.bin.7,Halobacteriota,NI-siderophore
SRR19594461.bin.7,Halobacteriota,Terpene
SRR19594461.bin.7,Halobacteriota,RiPPs
SRR19594463.bin.12,Halobacteriota,Terpene
SRR19594463.bin.12,Halobacteriota,RiPPs
SRR19594463.bin.17,Halobacteriota,Terpene
SRR19594463.bin.17,Halobacteriota,Terpene
SRR19594463.bin.17,Halobacteriota,Terpene
SRR19594463.bin.17,Halobacteriota,RiPPs
SRR19594463.bin.44,Halobacteriota,Terpene
SRR19594463.bin.44,Halobacteriota,RiPPs
SRR19594463.bin.6,Halobacteriota,RiPPs
SRR19594463.bin.6,Halobacteriota,Terpene
SRR19594465.bin.41,Halobacteriota,RiPPs
SRR19594465.bin.41,Halobacteriota,Terpene
SRR19594465.bin.52,Halobacteriota,Terpene
SRR19594467.bin.37,Halobacteriota,RiPPs
SRR19594467.bin.68,Halobacteriota,RiPPs
SRR19594469.bin.1,Halobacteriota,RiPPs
SRR21412968.bin.14,Halobacteriota,RiPPs
SRR21412968.bin.14,Halobacteriota,NI-siderophore
SRR21412970.bin.24,Halobacteriota,RiPPs
SRR21412970.bin.24,Halobacteriota,Terpene
SRR21412970.bin.44,Thermoplasmatota,PKSother
SRR21412970.bin.44,Thermoplasmatota,PKSother
SRR21412971.bin.34,Halobacteriota,Terpene
SRR21412971.bin.34,Halobacteriota,RiPPs
SRR21412971.bin.34,Halobacteriota,NI-siderophore
SRR21412971.bin.34,Halobacteriota,NI-siderophore
SRR21412971.bin.34,Halobacteriota,NI-siderophore
SRR21412971.bin.45,Halobacteriota,Terpene
SRR21412971.bin.45,Halobacteriota,Terpene
SRR21412971.bin.45,Halobacteriota,NI-siderophore
SRR21412971.bin.45,Halobacteriota,NI-siderophore
SRR21412971.bin.45,Halobacteriota,RiPPs
SRR21412972.bin.68,Halobacteriota,RiPPs
SRR21412972.bin.68,Halobacteriota,Terpene
SRR21412973.bin.15,Halobacteriota,Terpene
SRR21412973.bin.17,Halobacteriota,RiPPs
SRR21412973.bin.19,Halobacteriota,RiPPs
SRR21412973.bin.19,Halobacteriota,Terpene
SRR21412973.bin.19,Halobacteriota,NI-siderophore
SRR21412974.bin.22,Thermoplasmatota,PKSI
SRR21412974.bin.22,Thermoplasmatota,PKSother
SRR21412976.bin.15,Halobacteriota,RiPPs
SRR21412976.bin.23,Thermoplasmatota,PKSother
SRR21412976.bin.3,Halobacteriota,NI-siderophore
SRR21412976.bin.3,Halobacteriota,RiPPs
SRR21412976.bin.9,Thermoplasmatota,PKSI
SRR21412976.bin.9,Thermoplasmatota,PKSother
SRR21412977.bin.17,Halobacteriota,Terpene
SRR21412977.bin.17,Halobacteriota,NI-siderophore
SRR21412977.bin.17,Halobacteriota,NI-siderophore
SRR21412977.bin.17,Halobacteriota,RiPPs
SRR21412979.bin.18,Halobacteriota,Terpene
SRR21412979.bin.18,Halobacteriota,RiPPs
SRR21412979.bin.34,Halobacteriota,Terpene
SRR21412979.bin.34,Halobacteriota,NI-siderophore
SRR21412979.bin.34,Halobacteriota,NI-siderophore
SRR21412979.bin.34,Halobacteriota,RiPPs
SRR21412979.bin.34,Halobacteriota,NI-siderophore
SRR21412979.bin.35,Halobacteriota,RiPPs
SRR21412979.bin.35,Halobacteriota,Terpene
SRR21412979.bin.35,Halobacteriota,RiPPs
SRR21412980.bin.11,Thermoplasmatota,PKSother
SRR21412980.bin.18,Halobacteriota,RiPPs
SRR21412980.bin.18,Halobacteriota,NI-siderophore
SRR21412981.bin.1,Halobacteriota,RiPPs
SRR21412981.bin.11,Halobacteriota,Terpene
SRR21412981.bin.11,Halobacteriota,RiPPs
SRR21412981.bin.11,Halobacteriota,Terpene
SRR21412983.bin.17,Halobacteriota,RiPPs
SRR21412983.bin.3,Halobacteriota,RiPPs
SRR21412983.bin.3,Halobacteriota,RiPPs
SRR21412983.bin.35,Halobacteriota,Terpene
SRR21412983.bin.9,Halobacteriota,RiPPs
SRR21412984.bin.1,Halobacteriota,RiPPs
SRR21412984.bin.15,Halobacteriota,RiPPs
SRR21412984.bin.15,Halobacteriota,RiPPs
SRR21412984.bin.21,Halobacteriota,RiPPs
SRR21412984.bin.21,Halobacteriota,Terpene
SRR21412984.bin.31,Halobacteriota,RiPPs
SRR21412984.bin.6,Halobacteriota,NI-siderophore
SRR21412984.bin.6,Halobacteriota,NI-siderophore
SRR21412984.bin.6,Halobacteriota,RiPPs
SRR21412984.bin.6,Halobacteriota,Terpene
SRR21412984.bin.6,Halobacteriota,RiPPs
SRR21412984.bin.6,Halobacteriota,NI-siderophore
SRR21412985.bin.12,Halobacteriota,NI-siderophore
SRR21412985.bin.12,Halobacteriota,NI-siderophore
SRR21412985.bin.12,Halobacteriota,NI-siderophore
SRR21412985.bin.12,Halobacteriota,Terpene
SRR21412985.bin.4,Thermoplasmatota,PKSI
SRR21412985.bin.4,Thermoplasmatota,PKSother
SRR21412985.bin.8,Thermoplasmatota,PKSother
SRR21412986.bin.33,Halobacteriota,Terpene
SRR21412986.bin.33,Halobacteriota,RiPPs
SRR21412986.bin.33,Halobacteriota,Terpene
SRR21412986.bin.41,Halobacteriota,RiPPs
SRR21412987.bin.13,Halobacteriota,RiPPs
SRR21412987.bin.13,Halobacteriota,NI-siderophore
SRR21412987.bin.13,Halobacteriota,NI-siderophore
SRR21412988.bin.1,Halobacteriota,RiPPs
SRR21412988.bin.1,Halobacteriota,Terpene
SRR21412988.bin.15,Halobacteriota,Terpene
SRR21412988.bin.15,Halobacteriota,RiPPs
SRR21412989.bin.13,Halobacteriota,Terpene
SRR21412989.bin.13,Halobacteriota,RiPPs
SRR21412990.bin.18,Halobacteriota,RiPPs
SRR21412990.bin.22,Halobacteriota,Terpene
SRR21412990.bin.22,Halobacteriota,RiPPs
SRR21412994.bin.22,Thermoplasmatota,PKSI
SRR21412994.bin.22,Thermoplasmatota,PKSother
SRR21412994.bin.28,Halobacteriota,NI-siderophore
SRR21412994.bin.28,Halobacteriota,NI-siderophore
SRR21412994.bin.28,Halobacteriota,RiPPs
SRR21412994.bin.40,Halobacteriota,RiPPs
SRR21412994.bin.51,Halobacteriota,RiPPs
SRR21412994.bin.51,Halobacteriota,Terpene
SRR21412994.bin.7,Halobacteriota,RiPPs
SRR21412995.bin.46,Halobacteriota,RiPPs
SRR21412995.bin.53,Halobacteriota,RiPPs
SRR21413000.bin.22,Halobacteriota,RiPPs
SRR21413000.bin.22,Halobacteriota,NI-siderophore
SRR21413000.bin.22,Halobacteriota,NI-siderophore
SRR21413000.bin.22,Halobacteriota,NI-siderophore
SRR21413000.bin.22,Halobacteriota,Terpene
SRR21413000.bin.41,Halobacteriota,Terpene
SRR21413000.bin.41,Halobacteriota,RiPPs
SRR21413000.bin.7,Halobacteriota,Terpene
SRR21413000.bin.7,Halobacteriota,RiPPs
SRR21413001.bin.15,Halobacteriota,RiPPs
SRR21413001.bin.15,Halobacteriota,NI-siderophore
SRR21413001.bin.15,Halobacteriota,NI-siderophore
SRR21413001.bin.15,Halobacteriota,NI-siderophore
SRR21413001.bin.15,Halobacteriota,Terpene
SRR23851177.bin.27,Thermoproteota,RiPPs
SRR23851178.bin.10,Halobacteriota,Terpene
SRR23851188.bin.2,Thermoplasmatota,PKSI
SRR23851190.bin.46,Thermoplasmatota,PKSother
SRR23851191.bin.21,Halobacteriota,RiPPs
SRR23851191.bin.21,Halobacteriota,Terpene
SRR23851191.bin.23,Halobacteriota,RiPPs
SRR23851203.bin.24,Halobacteriota,RiPPs
SRR26786830.bin.1,Nanoarchaeota,PKSother
SRR26786830.bin.1,Nanoarchaeota,PKSother
SRR29792384.bin.10,Thermoproteota,RiPPs
SRR31572237.bin.4,Thermoproteota,RiPPs
SRR31674855.bin.25,Thermoproteota,RiPPs
SRR32147493.bin.33,Thermoplasmatota,PKSI
SRR32147494.bin.57,Thermoproteota,RiPPs
SRR32147497.bin.16,Thermoproteota,RiPPs
SRR32147498.bin.20,Thermoproteota,RiPPs
SRR32147509.bin.8,Halobacteriota,RiPPs
SRR33545838.bin.9,Thermoproteota,RiPPs
SRR34563345.bin.22,Halobacteriota,RiPPs
SRR34563345.bin.22,Halobacteriota,RiPPs
SRR34563345.bin.22,Halobacteriota,Terpene
SRR34563345.bin.34,Halobacteriota,Terpene
SRR34563345.bin.34,Halobacteriota,RiPPs
SRR34563345.bin.8,Halobacteriota,RiPPs
SRR34563345.bin.8,Halobacteriota,Terpene
SRR34576099.bin.1,Halobacteriota,Terpene
SRR34576099.bin.1,Halobacteriota,RiPPs
SRR34576099.bin.21,Halobacteriota,Terpene
SRR34576099.bin.21,Halobacteriota,RiPPs
SRR34576099.bin.38,Halobacteriota,RiPPs
SRR34576099.bin.38,Halobacteriota,Terpene
SRR34576099.bin.60,Halobacteriota,Terpene
SRR34576099.bin.60,Halobacteriota,RiPPs
SRR34576099.bin.65,Thermoplasmatota,PKSI
SRR34576099.bin.92,Halobacteriota,RiPPs
SRR34576099.bin.92,Halobacteriota,Terpene
SRR5209947.bin.26,Halobacteriota,RiPPs
SRR5209947.bin.5,Halobacteriota,RiPPs
SRR5209947.bin.5,Halobacteriota,Terpene
SRR6056296.bin.32,Halobacteriota,RiPPs
SRR6056296.bin.32,Halobacteriota,Terpene
SRR6056296.bin.6,Halobacteriota,Terpene
SRR6056296.bin.6,Halobacteriota,RiPPs
SRR9952635.bin.50,Thermoproteota,RiPPs
SRR9952635.bin.53,Thermoproteota,RiPPs
SRR9952635.bin.53,Thermoproteota,RiPPs
