id,phylum,class,order,family,genus,species,contig_id,contig_length,provirus,proviral_length,gene_count,viral_genes,host_genes,checkv_quality,miuvig_quality,completeness,completeness_method,contamination,kmer_freq,warnings
11-A.bin.5,Actinomycetota,Actinomycetes,Actinomycetales,Dermabacteraceae,Brachybacterium,Unclassified,k141_20966||0_partial,78077,Yes,41104,116,22,29,Medium-quality,Genome-fragment,57.88,HMM-based (lower-bound),47.35,1,low-confidence Provirus
11-A.bin.5,Actinomycetota,Actinomycetes,Actinomycetales,Dermabacteraceae,Brachybacterium,Unclassified,k141_20966||0_partial,78077,Yes,41104,116,22,29,Medium-quality,Genome-fragment,57.88,HMM-based (lower-bound),47.35,1,low-confidence Provirus
11-B.bin.15,Pseudomonadota,Gammaproteobacteria,Pseudomonadales,Halomonadaceae,Halomonas,Halomonas eurihalina,k141_12651||full,44899,Yes,30099,48,13,13,Medium-quality,Genome-fragment,65.92,AAI-based (high-confidence),32.96,1,
11-B.bin.15,Pseudomonadota,Gammaproteobacteria,Pseudomonadales,Halomonadaceae,Halomonas,Halomonas eurihalina,k141_67820||full,79597,Yes,38191,76,15,38,Medium-quality,Genome-fragment,56.94,HMM-based (lower-bound),52.02,1,
11-B.bin.15,Pseudomonadota,Gammaproteobacteria,Pseudomonadales,Halomonadaceae,Halomonas,Halomonas eurihalina,k141_12651||full,44899,Yes,30099,48,13,13,Medium-quality,Genome-fragment,65.92,AAI-based (high-confidence),32.96,1,
11-B.bin.15,Pseudomonadota,Gammaproteobacteria,Pseudomonadales,Halomonadaceae,Halomonas,Halomonas eurihalina,k141_67820||full,79597,Yes,38191,76,15,38,Medium-quality,Genome-fragment,56.94,HMM-based (lower-bound),52.02,1,
11-B.bin.18,Pseudomonadota,Gammaproteobacteria,Pseudomonadales,Halomonadaceae,Halomonas,Halomonas caseinilytica,k141_20585||full,89959,Yes,41117,101,29,36,Complete,High-quality,100,Provirus (high-confidence),54.29,1,contig >1.5x longer than expected genome length
11-B.bin.18,Pseudomonadota,Gammaproteobacteria,Pseudomonadales,Halomonadaceae,Halomonas,Halomonas caseinilytica,k141_36968||full,80384,Yes,49360,106,22,27,Complete,High-quality,100,Provirus (high-confidence),38.59,1,contig >1.5x longer than expected genome length
11-B.bin.18,Pseudomonadota,Gammaproteobacteria,Pseudomonadales,Halomonadaceae,Halomonas,Halomonas caseinilytica,k141_20585||full,89959,Yes,41117,101,29,36,Complete,High-quality,100,Provirus (high-confidence),54.29,1,contig >1.5x longer than expected genome length
11-B.bin.18,Pseudomonadota,Gammaproteobacteria,Pseudomonadales,Halomonadaceae,Halomonas,Halomonas caseinilytica,k141_36968||full,80384,Yes,49360,106,22,27,Complete,High-quality,100,Provirus (high-confidence),38.59,1,contig >1.5x longer than expected genome length
11-C.bin.23,Bacillota,Bacilli,Staphylococcales,Staphylococcaceae,Staphylococcus,Staphylococcus succinus,k141_70970||full,110942,Yes,99561,125,39,6,Medium-quality,Genome-fragment,66.18,AAI-based (medium-confidence),10.26,1,
11-C.bin.23,Bacillota,Bacilli,Staphylococcales,Staphylococcaceae,Staphylococcus,Staphylococcus succinus,k141_70970||full,110942,Yes,99561,125,39,6,Medium-quality,Genome-fragment,66.18,AAI-based (medium-confidence),10.26,1,
13-b.bin.39,Actinomycetota,Actinomycetes,Propionibacteriales,Nocardioidaceae,Nocardioides,Unclassified,k141_192426||full,29276,No,NA,48,8,1,Medium-quality,Genome-fragment,63.88,AAI-based (medium-confidence),0,1,
13-b.bin.39,Actinomycetota,Actinomycetes,Propionibacteriales,Nocardioidaceae,Nocardioides,Unclassified,k141_192426||full,29276,No,NA,48,8,1,Medium-quality,Genome-fragment,63.88,AAI-based (medium-confidence),0,1,
14-A.bin.24,Chloroflexota,Dehalococcoidia,UBA1151,JAJCYX01,Unclassified,Unclassified,k141_314784||full,44401,No,NA,70,10,1,High-quality,High-quality,99.57,AAI-based (medium-confidence),0,1,
14-A.bin.24,Chloroflexota,Dehalococcoidia,UBA1151,JAJCYX01,Unclassified,Unclassified,k141_314784||full,44401,No,NA,70,10,1,High-quality,High-quality,99.57,AAI-based (medium-confidence),0,1,
14-C.bin.29,Pseudomonadota,Gammaproteobacteria,JAJUFS01,JAJUFS01,JAJUFS01,Unclassified,k141_490680||full,63227,No,NA,79,16,2,High-quality,High-quality,100,AAI-based (medium-confidence),0,1,
14-C.bin.7,Pseudomonadota,Gammaproteobacteria,Pseudomonadales,Spongiibacteraceae,Unclassified,Unclassified,k141_490682||full,53902,No,NA,78,13,6,High-quality,High-quality,95.64,AAI-based (medium-confidence),0,1,
14-C.bin.7,Pseudomonadota,Gammaproteobacteria,Pseudomonadales,Spongiibacteraceae,Unclassified,Unclassified,k141_490682||full,53902,No,NA,78,13,6,High-quality,High-quality,95.64,AAI-based (medium-confidence),0,1,
17-A.bin.11,Actinomycetota,Acidimicrobiia,Acidimicrobiales,JACDCH01,UBA9382,Unclassified,k141_15055||full,35669,No,NA,62,16,2,Medium-quality,Genome-fragment,51.27,HMM-based (lower-bound),0,1,
17-A.bin.11,Actinomycetota,Acidimicrobiia,Acidimicrobiales,JACDCH01,UBA9382,Unclassified,k141_15055||full,35669,No,NA,62,16,2,Medium-quality,Genome-fragment,51.27,HMM-based (lower-bound),0,1,
17-A.bin.3,Actinomycetota,Actinomycetes,Propionibacteriales,Nocardioidaceae,Nocardioides,Unclassified,k141_384759||full,56054,Yes,43885,81,17,9,Medium-quality,Genome-fragment,61.18,HMM-based (lower-bound),21.71,1,low-confidence Provirus
17-A.bin.3,Actinomycetota,Actinomycetes,Propionibacteriales,Nocardioidaceae,Nocardioides,Unclassified,k141_384759||full,56054,Yes,43885,81,17,9,Medium-quality,Genome-fragment,61.18,HMM-based (lower-bound),21.71,1,low-confidence Provirus
17-C.bin.104,Pseudomonadota,Alphaproteobacteria,Sphingomonadales,Sphingomonadaceae,Parasphingorhabdus,Unclassified,k141_1782852||full,46713,No,NA,77,29,0,High-quality,High-quality,91.46,AAI-based (medium-confidence),0,1,
17-C.bin.104,Pseudomonadota,Alphaproteobacteria,Sphingomonadales,Sphingomonadaceae,Parasphingorhabdus,Unclassified,k141_1782852||full,46713,No,NA,77,29,0,High-quality,High-quality,91.46,AAI-based (medium-confidence),0,1,
17-C.bin.70,Pseudomonadota,Alphaproteobacteria,Sphingomonadales,Sphingomonadaceae,JACXVD01,Unclassified,k141_83969||full,24837,Yes,22506,25,7,2,Medium-quality,Genome-fragment,53.51,AAI-based (medium-confidence),9.39,1,
17-C.bin.70,Pseudomonadota,Alphaproteobacteria,Sphingomonadales,Sphingomonadaceae,JACXVD01,Unclassified,k141_83969||full,24837,Yes,22506,25,7,2,Medium-quality,Genome-fragment,53.51,AAI-based (medium-confidence),9.39,1,
18-A.bin.91,Chloroflexota,Dehalococcoidia,DSTF01,WHTK01,WHTK01,Unclassified,k141_116773||full,45186,No,NA,81,5,0,Medium-quality,Genome-fragment,51.42,HMM-based (lower-bound),0,1,
18-A.bin.91,Chloroflexota,Dehalococcoidia,DSTF01,WHTK01,WHTK01,Unclassified,k141_116773||full,45186,No,NA,81,5,0,Medium-quality,Genome-fragment,51.42,HMM-based (lower-bound),0,1,
1-A.bin.22,Actinomycetota,Actinomycetes,Actinomycetales,Micrococcaceae,Zhihengliuella,Unclassified,k141_110056||0_partial,26401,Yes,15088,34,9,8,Complete,High-quality,100,Provirus (high-confidence),42.85,1,contig >1.5x longer than expected genome length
1-A.bin.22,Actinomycetota,Actinomycetes,Actinomycetales,Micrococcaceae,Zhihengliuella,Unclassified,k141_110056||0_partial,26401,Yes,15088,34,9,8,Complete,High-quality,100,Provirus (high-confidence),42.85,1,contig >1.5x longer than expected genome length
1-A.bin.33,Pseudomonadota,Gammaproteobacteria,XJ16,Halofilaceae,Halofilum,Unclassified,k141_22234||full,11620,No,NA,26,1,0,Medium-quality,Genome-fragment,62.12,HMM-based (lower-bound),0,1,
1-A.bin.33,Pseudomonadota,Gammaproteobacteria,XJ16,Halofilaceae,Halofilum,Unclassified,k141_22234||full,11620,No,NA,26,1,0,Medium-quality,Genome-fragment,62.12,HMM-based (lower-bound),0,1,
1-b.bin.11,Pseudomonadota,Alphaproteobacteria,Rhodobacterales,Rhodobacteraceae,Paracoccus,Paracoccus alkanivorans,k141_148217||full,65235,Yes,41626,78,16,17,Complete,High-quality,100,Provirus (medium-confidence),36.19,1,
1-b.bin.11,Pseudomonadota,Alphaproteobacteria,Rhodobacterales,Rhodobacteraceae,Paracoccus,Paracoccus alkanivorans,k141_148217||full,65235,Yes,41626,78,16,17,Complete,High-quality,100,Provirus (medium-confidence),36.19,1,
1-b.bin.29,Pseudomonadota,Gammaproteobacteria,Pseudomonadales,Halomonadaceae,Halomonas,Unclassified,k141_124566||0_partial,90981,Yes,46017,104,22,40,High-quality,High-quality,100,AAI-based (high-confidence),49.42,1,contig >1.5x longer than expected genome length
1-b.bin.29,Pseudomonadota,Gammaproteobacteria,Pseudomonadales,Halomonadaceae,Halomonas,Unclassified,k141_13779||0_partial,76311,Yes,37792,86,28,29,High-quality,High-quality,100,AAI-based (high-confidence),50.48,1,contig >1.5x longer than expected genome length
1-b.bin.30,Actinomycetota,Actinomycetes,Actinomycetales,Microbacteriaceae,Microbacterium,Unclassified,k141_172497||full,16699,No,NA,28,7,0,High-quality,High-quality,99.86,AAI-based (medium-confidence),0,1,
1-b.bin.30,Actinomycetota,Actinomycetes,Actinomycetales,Microbacteriaceae,Microbacterium,Unclassified,k141_12365||0_partial,32122,No,NA,45,16,1,Medium-quality,Genome-fragment,73.33,AAI-based (medium-confidence),0,1,
1-d.bin.1,Actinomycetota,Actinomycetes,Actinomycetales,Micrococcaceae,Zhihengliuella,Unclassified,k141_128722||0_partial,87308,Yes,47118,104,28,24,Complete,High-quality,100,Provirus (high-confidence),46.03,1,contig >1.5x longer than expected genome length
1-d.bin.1,Actinomycetota,Actinomycetes,Actinomycetales,Micrococcaceae,Zhihengliuella,Unclassified,k141_128722||0_partial,87308,Yes,47118,104,28,24,Complete,High-quality,100,Provirus (high-confidence),46.03,1,contig >1.5x longer than expected genome length
1-d.bin.1,Actinomycetota,Actinomycetes,Actinomycetales,Micrococcaceae,Zhihengliuella,Unclassified,k141_81506||0_partial,55861,Yes,36456,71,12,12,Medium-quality,Genome-fragment,81,AAI-based (medium-confidence),34.74,1,
1-d.bin.1,Actinomycetota,Actinomycetes,Actinomycetales,Micrococcaceae,Zhihengliuella,Unclassified,k141_81506||0_partial,55861,Yes,36456,71,12,12,Medium-quality,Genome-fragment,81,AAI-based (medium-confidence),34.74,1,
1-d.bin.22,Actinomycetota,Actinomycetes,Mycobacteriales,Pseudonocardiaceae,Amycolatopsis_C,Unclassified,k141_44208||full,41870,No,NA,67,22,0,High-quality,High-quality,100,AAI-based (high-confidence),0,1,
4-C.bin.16,Pseudomonadota,Gammaproteobacteria,Pseudomonadales,Halomonadaceae,Halomonas,Unclassified,k141_407822||full,58600,Yes,38276,78,30,18,High-quality,High-quality,100,AAI-based (high-confidence),34.68,1,contig >1.5x longer than expected genome length
4-C.bin.16,Pseudomonadota,Gammaproteobacteria,Pseudomonadales,Halomonadaceae,Halomonas,Unclassified,k141_407822||full,58600,Yes,38276,78,30,18,High-quality,High-quality,100,AAI-based (high-confidence),34.68,1,contig >1.5x longer than expected genome length
7-B.bin.8,Pseudomonadota,Gammaproteobacteria,Pseudomonadales,Oleiphilaceae,Marinobacter,Marinobacter sp003994855,k141_93704||full,21176,No,NA,21,10,0,Medium-quality,Genome-fragment,56.22,AAI-based (medium-confidence),0,1,
7-B.bin.8,Pseudomonadota,Gammaproteobacteria,Pseudomonadales,Oleiphilaceae,Marinobacter,Marinobacter sp003994855,k141_129184||full,23112,No,NA,33,11,0,Medium-quality,Genome-fragment,51.6,AAI-based (medium-confidence),0,1,
7-B.bin.8,Pseudomonadota,Gammaproteobacteria,Pseudomonadales,Oleiphilaceae,Marinobacter,Marinobacter sp003994855,k141_93704||full,21176,No,NA,21,10,0,Medium-quality,Genome-fragment,56.22,AAI-based (medium-confidence),0,1,
7-B.bin.8,Pseudomonadota,Gammaproteobacteria,Pseudomonadales,Oleiphilaceae,Marinobacter,Marinobacter sp003994855,k141_129184||full,23112,No,NA,33,11,0,Medium-quality,Genome-fragment,51.6,AAI-based (medium-confidence),0,1,
8-a.bin.13,Actinomycetota,Actinomycetes,Streptomycetales,Streptomycetaceae,Streptomyces,Unclassified,k141_40207||full,57207,No,NA,79,15,2,Medium-quality,Genome-fragment,63.26,AAI-based (medium-confidence),0,1,
8-a.bin.13,Actinomycetota,Actinomycetes,Streptomycetales,Streptomycetaceae,Streptomyces,Unclassified,k141_40207||full,57207,No,NA,79,15,2,Medium-quality,Genome-fragment,63.26,AAI-based (medium-confidence),0,1,
9-A.bin.80,Pseudomonadota,Gammaproteobacteria,Pseudomonadales,Halomonadaceae,Halomonas,Halomonas sp003202205,k141_328510||full,54202,No,NA,83,23,1,Medium-quality,Genome-fragment,78.98,HMM-based (lower-bound),0,1,
9-A.bin.80,Pseudomonadota,Gammaproteobacteria,Pseudomonadales,Halomonadaceae,Halomonas,Halomonas sp003202205,k141_328510||full,54202,No,NA,83,23,1,Medium-quality,Genome-fragment,78.98,HMM-based (lower-bound),0,1,
9-D.bin.15,Chloroflexota,Dehalococcoidia,UBA3495,UBA3495,Unclassified,Unclassified,k141_111511||full,7101,No,NA,10,2,0,Medium-quality,Genome-fragment,55.39,AAI-based (medium-confidence),0,1,
9-D.bin.55,Gemmatimonadota,Gemmatimonadetes,Gemmatimonadales,GWC2-71-9,Unclassified,Unclassified,k141_496910||full,43118,No,NA,79,10,0,High-quality,High-quality,94.45,AAI-based (medium-confidence),0,1,
ERR13934200.bin.21,Bacteroidota,Bacteroidia,Bacteroidales,Prolixibacteraceae,Draconibacterium,Unclassified,k141_151972||full,24672,Yes,20264,26,3,4,Medium-quality,Genome-fragment,56.17,AAI-based (medium-confidence),17.87,1,
ERR13934200.bin.21,Bacteroidota,Bacteroidia,Bacteroidales,Prolixibacteraceae,Draconibacterium,Unclassified,k141_151972||full,24672,Yes,20264,26,3,4,Medium-quality,Genome-fragment,56.17,AAI-based (medium-confidence),17.87,1,
ERR13934208.bin.16,Desulfobacterota,Desulfuromonadia,Desulfuromonadales,Trichloromonadaceae,Trichloromonas,Unclassified,k141_177881||full,55982,No,NA,73,9,0,High-quality,High-quality,90.76,AAI-based (high-confidence),0,1,
ERR13934208.bin.16,Desulfobacterota,Desulfuromonadia,Desulfuromonadales,Trichloromonadaceae,Trichloromonas,Unclassified,k141_177881||full,55982,No,NA,73,9,0,High-quality,High-quality,90.76,AAI-based (high-confidence),0,1,
ERR13934211.bin.41,Chloroflexota,Anaerolineae,Anaerolineales,Anaerolineaceae,UBA6107,Unclassified,k141_107641||0_partial,63479,Yes,23261,75,8,21,Medium-quality,Genome-fragment,61.09,AAI-based (medium-confidence),63.36,1,contig >1.5x longer than expected genome length
ERR13934211.bin.41,Chloroflexota,Anaerolineae,Anaerolineales,Anaerolineaceae,UBA6107,Unclassified,k141_107641||0_partial,63479,Yes,23261,75,8,21,Medium-quality,Genome-fragment,61.09,AAI-based (medium-confidence),63.36,1,contig >1.5x longer than expected genome length
ERR9527525.bin.37,Bacillota_D,Dethiobacteria,Dethiobacterales,Dethiobacteraceae,GPS1B09,GPS1B09 sp018333455,k141_198205||full,98878,Yes,35237,92,19,39,Medium-quality,Genome-fragment,72.4,AAI-based (high-confidence),64.36,1,contig >1.5x longer than expected genome length
ERR9527525.bin.37,Bacillota_D,Dethiobacteria,Dethiobacterales,Dethiobacteraceae,GPS1B09,GPS1B09 sp018333455,k141_62775||full,35809,No,NA,51,18,1,Medium-quality,Genome-fragment,71.37,AAI-based (medium-confidence),0,1,
ERR9527525.bin.37,Bacillota_D,Dethiobacteria,Dethiobacterales,Dethiobacteraceae,GPS1B09,GPS1B09 sp018333455,k141_171138||full,31739,No,NA,46,13,1,Medium-quality,Genome-fragment,51.79,HMM-based (lower-bound),0,1,
ERR9527526.bin.20,Acidobacteriota,Terriglobia,Bryobacterales,Bryobacteraceae,JAMCRM01,Unclassified,k141_179099||full,42471,No,NA,74,17,2,Medium-quality,Genome-fragment,53.42,HMM-based (lower-bound),0,1,
ERR9527526.bin.20,Acidobacteriota,Terriglobia,Bryobacterales,Bryobacteraceae,JAMCRM01,Unclassified,k141_179099||full,42471,No,NA,74,17,2,Medium-quality,Genome-fragment,53.42,HMM-based (lower-bound),0,1,
ERR9527526.bin.9,Pseudomonadota,Gammaproteobacteria,Burkholderiales,Rhodocyclaceae,Unclassified,Unclassified,k141_5109||0_partial,27057,Yes,18671,27,2,6,Medium-quality,Genome-fragment,62.96,AAI-based (medium-confidence),30.99,1,
ERR9527526.bin.9,Pseudomonadota,Gammaproteobacteria,Burkholderiales,Rhodocyclaceae,Unclassified,Unclassified,k141_5109||0_partial,27057,Yes,18671,27,2,6,Medium-quality,Genome-fragment,62.96,AAI-based (medium-confidence),30.99,1,
ERR9527527.bin.37,Bacteroidota,Bacteroidia,Bacteroidales,Prolixibacteraceae,UBA1413,UBA1413 sp030602265,k141_190176||0_partial,60639,No,NA,74,1,32,Medium-quality,Genome-fragment,68.4,HMM-based (lower-bound),0,1,
ERR9527527.bin.37,Bacteroidota,Bacteroidia,Bacteroidales,Prolixibacteraceae,UBA1413,UBA1413 sp030602265,k141_162665||0_partial,31197,No,NA,36,2,1,Medium-quality,Genome-fragment,61.09,AAI-based (medium-confidence),0,1,
ERR9527527.bin.37,Bacteroidota,Bacteroidia,Bacteroidales,Prolixibacteraceae,UBA1413,UBA1413 sp030602265,k141_190176||0_partial,60639,No,NA,74,1,32,Medium-quality,Genome-fragment,68.4,HMM-based (lower-bound),0,1,
ERR9527527.bin.37,Bacteroidota,Bacteroidia,Bacteroidales,Prolixibacteraceae,UBA1413,UBA1413 sp030602265,k141_162665||0_partial,31197,No,NA,36,2,1,Medium-quality,Genome-fragment,61.09,AAI-based (medium-confidence),0,1,
ERR9527528.bin.38,Bacillota_B,Desulfotomaculia,Desulfotomaculales,Unclassified,Unclassified,Unclassified,k141_7114||0_partial,50158,Yes,48863,69,26,4,High-quality,High-quality,100,AAI-based (high-confidence),2.58,1,
ERR9527528.bin.38,Bacillota_B,Desulfotomaculia,Desulfotomaculales,Unclassified,Unclassified,Unclassified,k141_7114||0_partial,50158,Yes,48863,69,26,4,High-quality,High-quality,100,AAI-based (high-confidence),2.58,1,
ERR9527529.bin.10,Bacillota_I,Bacilli_A,ML615J-28,Unclassified,Unclassified,Unclassified,k141_153285||0_partial,96842,Yes,55334,95,15,31,High-quality,High-quality,94,HMM-based (lower-bound),42.86,1,
ERR9527529.bin.10,Bacillota_I,Bacilli_A,ML615J-28,Unclassified,Unclassified,Unclassified,k141_153285||0_partial,96842,Yes,55334,95,15,31,High-quality,High-quality,94,HMM-based (lower-bound),42.86,1,
ERR9527529.bin.10,Bacillota_I,Bacilli_A,ML615J-28,Unclassified,Unclassified,Unclassified,k141_88877||0_partial,69382,Yes,34814,96,16,33,Medium-quality,Genome-fragment,61.63,HMM-based (lower-bound),49.82,1,
ERR9527529.bin.10,Bacillota_I,Bacilli_A,ML615J-28,Unclassified,Unclassified,Unclassified,k141_88877||0_partial,69382,Yes,34814,96,16,33,Medium-quality,Genome-fragment,61.63,HMM-based (lower-bound),49.82,1,
ERR9527529.bin.37,Bacteroidota,Bacteroidia,Bacteroidales,Prolixibacteraceae,Mariniphaga,Unclassified,k141_114757||0_partial,47864,No,NA,48,1,12,High-quality,High-quality,100,AAI-based (high-confidence),0,1,
ERR9527529.bin.37,Bacteroidota,Bacteroidia,Bacteroidales,Prolixibacteraceae,Mariniphaga,Unclassified,k141_114757||0_partial,47864,No,NA,48,1,12,High-quality,High-quality,100,AAI-based (high-confidence),0,1,
ERR9527529.bin.37,Bacteroidota,Bacteroidia,Bacteroidales,Prolixibacteraceae,Mariniphaga,Unclassified,k141_90216||full,26970,No,NA,28,3,0,Medium-quality,Genome-fragment,53.18,HMM-based (lower-bound),0,1,
ERR9527529.bin.37,Bacteroidota,Bacteroidia,Bacteroidales,Prolixibacteraceae,Mariniphaga,Unclassified,k141_134303||full,48922,Yes,40315,55,10,7,Medium-quality,Genome-fragment,78.44,AAI-based (medium-confidence),17.59,1,
ERR9527529.bin.37,Bacteroidota,Bacteroidia,Bacteroidales,Prolixibacteraceae,Mariniphaga,Unclassified,k141_90216||full,26970,No,NA,28,3,0,Medium-quality,Genome-fragment,53.18,HMM-based (lower-bound),0,1,
ERR9527529.bin.37,Bacteroidota,Bacteroidia,Bacteroidales,Prolixibacteraceae,Mariniphaga,Unclassified,k141_134303||full,48922,Yes,40315,55,10,7,Medium-quality,Genome-fragment,78.44,AAI-based (medium-confidence),17.59,1,
ERR9527532.bin.30,Bacteroidota,Bacteroidia,Bacteroidales,VadinHA17,SLNP01,Unclassified,k141_192892||full,81519,No,NA,96,13,3,High-quality,High-quality,98.23,AAI-based (high-confidence),0,1,
ERR9527533.bin.33,Bacteroidota,Bacteroidia,Bacteroidales,Prolixibacteraceae,Draconibacterium,Draconibacterium sp009773765,k141_152883||full,69323,Yes,49994,65,10,12,High-quality,High-quality,100,AAI-based (high-confidence),27.88,1,contig >1.5x longer than expected genome length
ERR9527534.bin.8,Bacillota_I,Bacilli_A,Erysipelotrichales,Erysipelotrichaceae,UBA2227,Unclassified,k141_105265||full,63348,Yes,41406,89,21,16,Medium-quality,Genome-fragment,66.34,HMM-based (lower-bound),34.64,1,low-confidence Provirus
ERR9527534.bin.8,Bacillota_I,Bacilli_A,Erysipelotrichales,Erysipelotrichaceae,UBA2227,Unclassified,k141_105265||full,63348,Yes,41406,89,21,16,Medium-quality,Genome-fragment,66.34,HMM-based (lower-bound),34.64,1,low-confidence Provirus
ERR9527534.bin.9,Bacillota_I,Bacilli_A,Erysipelotrichales,Erysipelotrichaceae,UBA6182,Unclassified,k141_13298||full,29836,No,NA,48,18,1,Medium-quality,Genome-fragment,82.87,AAI-based (medium-confidence),0,1,
ERR9527534.bin.9,Bacillota_I,Bacilli_A,Erysipelotrichales,Erysipelotrichaceae,UBA6182,Unclassified,k141_13298||full,29836,No,NA,48,18,1,Medium-quality,Genome-fragment,82.87,AAI-based (medium-confidence),0,1,
ERR9527536.bin.31,Bacteroidota,Bacteroidia,Bacteroidales,Prolixibacteraceae,Draconibacterium,Unclassified,k141_118403||full,67274,Yes,50384,81,4,13,High-quality,High-quality,100,AAI-based (medium-confidence),25.11,1,contig >1.5x longer than expected genome length
ERR9527536.bin.31,Bacteroidota,Bacteroidia,Bacteroidales,Prolixibacteraceae,Draconibacterium,Unclassified,k141_118403||full,67274,Yes,50384,81,4,13,High-quality,High-quality,100,AAI-based (medium-confidence),25.11,1,contig >1.5x longer than expected genome length
ERR9527536.bin.31,Bacteroidota,Bacteroidia,Bacteroidales,Prolixibacteraceae,Draconibacterium,Unclassified,k141_91399||full,21138,No,NA,19,3,0,Medium-quality,Genome-fragment,50.43,AAI-based (medium-confidence),0,1,
ERR9527536.bin.31,Bacteroidota,Bacteroidia,Bacteroidales,Prolixibacteraceae,Draconibacterium,Unclassified,k141_91399||full,21138,No,NA,19,3,0,Medium-quality,Genome-fragment,50.43,AAI-based (medium-confidence),0,1,
ERR9527536.bin.39,Bacteroidota,Bacteroidia,Bacteroidales,Prolixibacteraceae,UBA1413,Unclassified,k141_121403||full,98811,Yes,39673,114,12,42,Medium-quality,Genome-fragment,53.71,HMM-based (lower-bound),59.85,1,low-confidence Provirus
ERR9527536.bin.39,Bacteroidota,Bacteroidia,Bacteroidales,Prolixibacteraceae,UBA1413,Unclassified,k141_121403||full,98811,Yes,39673,114,12,42,Medium-quality,Genome-fragment,53.71,HMM-based (lower-bound),59.85,1,low-confidence Provirus
SRR1164896.bin.12,Pseudomonadota,Alphaproteobacteria,Rhodobacterales,Rhodobacteraceae,Yoonia,Unclassified,k141_160697||full,62618,No,NA,90,23,2,High-quality,High-quality,100,AAI-based (high-confidence),0,1,
SRR1164896.bin.2,Pseudomonadota,Gammaproteobacteria,Enterobacterales,Shewanellaceae,Shewanella,Shewanella frigidimarina,k141_175085||0_partial,46629,Yes,31928,61,22,8,Complete,High-quality,100,Provirus (high-confidence),31.53,1,
SRR1164896.bin.27,Bacillota,Bacilli,Bacillales,Bacillaceae,Bacillus,Bacillus velezensis,k141_198457||0_partial,50864,Yes,30800,63,23,16,Medium-quality,Genome-fragment,57.19,AAI-based (high-confidence),39.45,1,low-confidence Provirus
SRR14626313.bin.24,Pseudomonadota,Gammaproteobacteria,Nitrococcales,Nitrococcaceae,Spiribacter,Unclassified,k141_52780||full,33358,No,NA,52,25,1,Medium-quality,Genome-fragment,88.05,AAI-based (high-confidence),0,1,
SRR16229776.bin.28,Pseudomonadota,Gammaproteobacteria,Steroidobacterales,Steroidobacteraceae,CADEED01,Unclassified,k141_270879||full,46740,No,NA,77,11,1,High-quality,High-quality,97.67,AAI-based (medium-confidence),0,1,
SRR16229780.bin.25,Campylobacterota,Campylobacteria,Campylobacterales,Arcobacteraceae,Aliarcobacter,Aliarcobacter sp028681275,SRR16229780_Scaff180167||full,40286,No,NA,74,12,0,High-quality,High-quality,100,AAI-based (medium-confidence),0,1,
SRR16229780.bin.8,Pseudomonadota,Gammaproteobacteria,Steroidobacterales,Steroidobacteraceae,ZC4RG30,Unclassified,SRR16229780_Scaff191051||full,46125,No,NA,70,19,0,Medium-quality,Genome-fragment,82.04,AAI-based (medium-confidence),0,1,
SRR16229781.bin.1,Pseudomonadota,Gammaproteobacteria,Enterobacterales,Shewanellaceae,Shewanella,Unclassified,SRR16229781_Scaff560580||full,40374,No,NA,59,14,2,High-quality,High-quality,100,AAI-based (medium-confidence),0,1,
SRR16229781.bin.1,Pseudomonadota,Gammaproteobacteria,Enterobacterales,Shewanellaceae,Shewanella,Unclassified,SRR16229781_Scaff565807||full,37504,No,NA,58,8,2,High-quality,High-quality,97.41,AAI-based (high-confidence),0,1,
SRR16229784.bin.3,Pseudomonadota,Alphaproteobacteria,Sphingomonadales,Sphingomonadaceae,Sphingomonas_B,Unclassified,SRR16229784_Scaff097564||0_partial,56986,Yes,49984,94,18,6,High-quality,High-quality,100,AAI-based (high-confidence),12.29,1,
SRR16229784.bin.3,Pseudomonadota,Alphaproteobacteria,Sphingomonadales,Sphingomonadaceae,Sphingomonas_B,Unclassified,SRR16229784_Scaff302080||0_partial,79972,Yes,37691,97,19,19,Medium-quality,Genome-fragment,78.8,HMM-based (lower-bound),52.87,1,low-confidence Provirus
SRR19594459.bin.23,Cyanobacteriota,Cyanobacteriia,Phormidesmiales,Phormidesmiaceae,Nodosilinea,Unclassified,SRR19594459_Scaff091621||full,36184,No,NA,48,10,0,Medium-quality,Genome-fragment,50.89,HMM-based (lower-bound),0,1,
SRR19594461.bin.68,Pseudomonadota,Gammaproteobacteria,Xanthomonadales,Xanthomonadaceae,Lysobacter,Unclassified,SRR19594461_Scaff394084||full,56250,No,NA,73,20,2,Medium-quality,Genome-fragment,70.54,HMM-based (lower-bound),0,1,
SRR19594462.bin.17,Chloroflexota,Dehalococcoidia,DSTF01,RBG-16-68-14,Unclassified,Unclassified,SRR19594462_Scaff118608||full,51341,No,NA,77,8,1,Medium-quality,Genome-fragment,57.4,HMM-based (lower-bound),0,1,
SRR19594462.bin.6,SAR324,SAR324,SAR324,JACQKK01,JACZVE01,Unclassified,SRR19594462_Scaff523702||full,34624,No,NA,46,10,0,Medium-quality,Genome-fragment,54.02,HMM-based (lower-bound),0,1.01,
SRR19594468.bin.42,Gemmatimonadota,Gemmatimonadetes,Longimicrobiales,UBA6960,Unclassified,Unclassified,SRR19594468_Scaff0273896||full,39021,No,NA,56,10,2,Medium-quality,Genome-fragment,66.3,HMM-based (lower-bound),0,1,
SRR19594468.bin.52,Pseudomonadota,Gammaproteobacteria,HK1,HK1,CAMYJH01,Unclassified,SRR19594468_Scaff0164131||full,24599,Yes,22655,33,5,3,Medium-quality,Genome-fragment,50.77,AAI-based (medium-confidence),7.9,1,
SRR21412969.bin.18,Pseudomonadota,Gammaproteobacteria,XJ16,Halofilaceae,Halofilum,Unclassified,SRR21412969_Scaff264185||full,63022,Yes,30979,78,12,20,Medium-quality,Genome-fragment,50.35,HMM-based (lower-bound),50.84,1,low-confidence Provirus
SRR21412972.bin.42,Halobacteriota,Halobacteria,Halobacteriales,Haladaptataceae,Halorussus,Unclassified,SRR21412972_Scaff678297||full,8023,No,NA,9,0,0,Medium-quality,Genome-fragment,70.11,AAI-based (medium-confidence),0,1,no viral genes detected
SRR21412975.bin.11,Gemmatimonadota,Gemmatimonadetes,Longimicrobiales,UBA6960,UBA2589,Unclassified,SRR21412975_Scaff022950||full,58021,No,NA,85,18,0,High-quality,High-quality,100,AAI-based (medium-confidence),0,1,
SRR21412976.bin.9,Thermoplasmatota,SW-10-69-26,SW-10-69-26,SW-10-69-26,SW-10-69-26,Unclassified,SRR21412976_Scaff162745||full,44666,No,NA,64,4,2,Medium-quality,Genome-fragment,69.92,HMM-based (lower-bound),0,1,
SRR21412977.bin.54,Pseudomonadota,Gammaproteobacteria,Pseudomonadales,Halomonadaceae,Litchfieldella,Unclassified,SRR21412977_Scaff1227767||full,6619,No,NA,10,3,0,Medium-quality,Genome-fragment,80.41,AAI-based (medium-confidence),0,1,
SRR21412979.bin.35,Halobacteriota,Halobacteria,Halobacteriales,Haloferacaceae,Halolamina,Unclassified,SRR21412979_Scaff224777||full,37799,No,NA,60,7,0,Medium-quality,Genome-fragment,62.56,HMM-based (lower-bound),0,1,
SRR21412986.bin.55,Bacteroidota,Bacteroidia,Bacteroidales,JAGXLC01,Unclassified,Unclassified,SRR21412986_Scaff545849||0_partial,78715,Yes,43533,85,6,30,Medium-quality,Genome-fragment,68.13,HMM-based (lower-bound),44.7,1,
SRR21412986.bin.57,Patescibacteria,Paceibacteria,UBA9973,CSBR16-193,SKVL01,Unclassified,SRR21412986_Scaff535942||full,34861,No,NA,61,11,1,High-quality,High-quality,90.03,AAI-based (medium-confidence),0,1,
SRR21412986.bin.57,Patescibacteria,Paceibacteria,UBA9973,CSBR16-193,SKVL01,Unclassified,SRR21412986_Scaff139535||full,26594,No,NA,38,11,0,Medium-quality,Genome-fragment,55.27,AAI-based (medium-confidence),0,1,
SRR21412986.bin.6,Spirochaetota,Spirochaetia,DSM-16054,Sediminispirochaetaceae,DSBN01,Unclassified,SRR21412986_Scaff212666||full,64604,No,NA,71,12,1,High-quality,High-quality,100,AAI-based (medium-confidence),0,1,
SRR21412987.bin.1,Bacillota,Bacilli,Staphylococcales,Staphylococcaceae,Staphylococcus,Staphylococcus aureus,SRR21412987_Scaff248281||full,166765,Yes,46791,170,52,85,Complete,High-quality,100,Provirus (high-confidence),71.94,1,contig >1.5x longer than expected genome length
SRR21412990.bin.20,Actinomycetota,Nitriliruptoria,Euzebyales,Egibacteraceae,QS-5-72-10,Unclassified,SRR21412990_Scaff152595||full,72783,No,NA,110,19,2,High-quality,High-quality,95.19,HMM-based (lower-bound),0,1,
SRR21412990.bin.22,Halobacteriota,Halobacteria,Halobacteriales,SKNY01,SKNY01,Unclassified,SRR21412990_Scaff482020||full,46647,No,NA,80,9,5,Medium-quality,Genome-fragment,88.08,AAI-based (medium-confidence),0,1,
SRR21412992.bin.15,Pseudomonadota,Gammaproteobacteria,XJ16,Halofilaceae,Halofilum,Unclassified,SRR21412992_Scaff596461||full,38938,No,NA,66,19,2,Medium-quality,Genome-fragment,88.09,AAI-based (medium-confidence),0,1,
SRR21412993.bin.11,Pseudomonadota,Gammaproteobacteria,Pseudomonadales,Pseudomonadaceae,Pseudomonas_E,Pseudomonas_E putida_H,SRR21412993_Scaff099354||full,33747,No,NA,54,28,0,Medium-quality,Genome-fragment,67.29,AAI-based (high-confidence),0,1,
SRR21412993.bin.18,Bacillota,Bacilli,Staphylococcales,Staphylococcaceae,Staphylococcus,Staphylococcus epidermidis,SRR21412993_Scaff457813||full,18064,No,NA,20,15,0,High-quality,High-quality,98.12,AAI-based (high-confidence),0,1,
SRR21412993.bin.7,Actinomycetota,Actinomycetes,Mycobacteriales,Mycobacteriaceae,Lawsonella,Lawsonella clevelandensis_A,SRR21412993_Scaff266294||0_partial,83820,Yes,40135,105,26,25,Medium-quality,Genome-fragment,66.55,HMM-based (lower-bound),52.12,1,low-confidence Provirus
SRR21412997.bin.2,Pseudomonadota,Gammaproteobacteria,Enterobacterales,Enterobacteriaceae,Klebsiella,Klebsiella pneumoniae,SRR21412997_Scaff081306||full,23333,No,NA,28,20,0,Medium-quality,Genome-fragment,67.43,AAI-based (high-confidence),0,1,
SRR21412997.bin.2,Pseudomonadota,Gammaproteobacteria,Enterobacterales,Enterobacteriaceae,Klebsiella,Klebsiella pneumoniae,SRR21412997_Scaff137275||full,39276,Yes,25404,44,23,10,Medium-quality,Genome-fragment,72.88,AAI-based (high-confidence),35.32,1,
SRR21413001.bin.54,Bacillota,Bacilli,Bacillales_H,Salisediminibacteriaceae,Alkalicoccus,Unclassified,SRR21413001_Scaff031382||full,39112,No,NA,68,30,0,Medium-quality,Genome-fragment,84.8,AAI-based (medium-confidence),0,1,
SRR21413005.bin.36,Actinomycetota,Nitriliruptoria,Euzebyales,Egibacteraceae,Unclassified,Unclassified,SRR21413005_Scaff685276||full,38837,No,NA,69,21,1,Medium-quality,Genome-fragment,60.35,HMM-based (lower-bound),0,1,
SRR21413007.bin.15,Bacteroidota,Bacteroidia,Bacteroidales,Bacteroidaceae,Phocaeicola,Phocaeicola coprocola,SRR21413007_Scaff194972||full,43789,No,NA,27,2,2,Medium-quality,Genome-fragment,67,AAI-based (high-confidence),0,1,
SRR21413007.bin.15,Bacteroidota,Bacteroidia,Bacteroidales,Bacteroidaceae,Phocaeicola,Phocaeicola coprocola,SRR21413007_Scaff298411||full,32094,No,NA,36,10,0,Medium-quality,Genome-fragment,52.95,AAI-based (high-confidence),0,1,
SRR21413007.bin.15,Bacteroidota,Bacteroidia,Bacteroidales,Bacteroidaceae,Phocaeicola,Phocaeicola coprocola,SRR21413007_Scaff611613||full,54241,No,NA,71,9,1,Medium-quality,Genome-fragment,57.34,AAI-based (high-confidence),0,1,
SRR21413008.bin.1,Acidobacteriota,Thermoanaerobaculia,Multivoradales,JAIOJS01,Unclassified,Unclassified,SRR21413008_Scaff089511||full,56626,No,NA,91,13,3,Medium-quality,Genome-fragment,58.26,HMM-based (lower-bound),0,1,
SRR21413008.bin.7,Pseudomonadota,Gammaproteobacteria,XJ16,Halofilaceae,Halofilum,Unclassified,SRR21413008_Scaff132289||full,56784,No,NA,104,22,5,High-quality,High-quality,100,AAI-based (medium-confidence),0,1,
SRR23851171.bin.3,Myxococcota,Polyangia,Polyangiales,Unclassified,Unclassified,Unclassified,SRR23851171_Scaff532689||full,57677,No,NA,85,28,0,High-quality,High-quality,94.05,AAI-based (high-confidence),0,1,
SRR23851173.bin.3,Actinomycetota,Actinomycetes,Actinomycetales,Microbacteriaceae,Microbacterium,Microbacterium sp002979655,SRR23851173_Scaff353476||0_partial,24166,Yes,19186,34,6,3,High-quality,High-quality,100,AAI-based (high-confidence),20.61,1,
SRR23851176.bin.16,Pseudomonadota,Gammaproteobacteria,Pseudomonadales,Cellvibrionaceae,Microbulbifer,Unclassified,SRR23851176_Scaff248470||full,39280,Yes,30931,46,28,4,Medium-quality,Genome-fragment,80.9,AAI-based (medium-confidence),21.26,1,
SRR23851176.bin.21,Pseudomonadota,Gammaproteobacteria,Burkholderiales,Burkholderiaceae,Comamonas,Comamonas tsuruhatensis,SRR23851176_Scaff330626||0_partial,13371,Yes,7481,18,3,4,High-quality,High-quality,93.83,AAI-based (medium-confidence),44.05,1,contig >1.5x longer than expected genome length
SRR23851177.bin.34,Actinomycetota,Actinomycetes,Mycobacteriales,Mycobacteriaceae,Rhodococcus,Rhodococcus qingshengii,SRR23851177_Scaff062433||0_partial,42898,Yes,35109,54,22,6,Medium-quality,Genome-fragment,75.76,AAI-based (medium-confidence),18.16,1,
SRR23851177.bin.34,Actinomycetota,Actinomycetes,Mycobacteriales,Mycobacteriaceae,Rhodococcus,Rhodococcus qingshengii,SRR23851177_Scaff422407||0_partial,64320,Yes,39257,84,27,20,Medium-quality,Genome-fragment,62.62,HMM-based (lower-bound),38.97,1,low-confidence Provirus
SRR23851182.bin.19,Pseudomonadota,Gammaproteobacteria,Pseudomonadales,Cellvibrionaceae,Marinimicrobium,Unclassified,SRR23851182_Scaff221123||full,4993,No,NA,8,1,0,Medium-quality,Genome-fragment,55.84,HMM-based (lower-bound),0,1,
SRR23851185.bin.4,Pseudomonadota,Gammaproteobacteria,Burkholderiales,Thiobacillaceae,Thiobacillus,Unclassified,SRR23851185_Scaff087237||full,57357,No,NA,85,28,0,High-quality,High-quality,93.67,AAI-based (high-confidence),0,1,
SRR23851186.bin.3,Pseudomonadota,Gammaproteobacteria,HK1,Unclassified,Unclassified,Unclassified,SRR23851186_Scaff562918||full,37853,No,NA,51,7,1,Medium-quality,Genome-fragment,68.91,AAI-based (medium-confidence),0,1,
SRR23851191.bin.14,Chloroflexota,Anaerolineae,Anaerolineales,E44-bin32,Unclassified,Unclassified,SRR23851191_Scaff0745842||full,19420,No,NA,29,7,1,Medium-quality,Genome-fragment,53.06,AAI-based (medium-confidence),0,1,
SRR23851195.bin.7,Pseudomonadota,Gammaproteobacteria,Acidiferrobacterales,Sulfurifustaceae,JACQFZ01,Unclassified,SRR23851195_Scaff069292||full,64033,Yes,44397,91,11,17,Complete,High-quality,100,Provirus (high-confidence),30.67,1,contig >1.5x longer than expected genome length
SRR23851199.bin.30,Myxococcota,Polyangia,Polyangiales,SG8-38,Unclassified,Unclassified,SRR23851199_Scaff349716||full,39576,No,NA,59,8,2,Medium-quality,Genome-fragment,87.72,AAI-based (medium-confidence),0,1,
SRR23851202.bin.10,Pseudomonadota,Gammaproteobacteria,Xanthomonadales,SZUA-36,JABDJL01,Unclassified,SRR23851202_Scaff291929||full,57677,No,NA,86,29,0,High-quality,High-quality,94.01,AAI-based (high-confidence),0,1,
SRR23851205.bin.24,Acidobacteriota,Thermoanaerobaculia,Multivoradales,UBA5704,Unclassified,Unclassified,SRR23851205_Scaff383714||full,22333,No,NA,29,9,0,Medium-quality,Genome-fragment,55.18,AAI-based (medium-confidence),0,1,
SRR23851210.bin.9,Pseudomonadota,Gammaproteobacteria,SLDE01,SLDE01,JAPHTQ01,Unclassified,SRR23851210_Scaff623421||full,38096,No,NA,63,18,0,Medium-quality,Genome-fragment,64.98,AAI-based (high-confidence),0,1,
SRR23851214.bin.22,Gemmatimonadota,Gemmatimonadetes,Longimicrobiales,UBA6960,SZUA-318,Unclassified,SRR23851214_Scaff447138||full,54540,No,NA,102,8,0,Medium-quality,Genome-fragment,66.1,HMM-based (lower-bound),0,1,
SRR23929181.bin.8,Pseudomonadota,Gammaproteobacteria,Pseudomonadales,Pseudomonadaceae,Pseudomonas_E,Pseudomonas_E bijieensis,SRR23929181_Scaff022666||0_partial,53965,Yes,35006,67,25,11,Medium-quality,Genome-fragment,86.67,AAI-based (high-confidence),35.13,1,
SRR28842982.bin.102,Pseudomonadota,Gammaproteobacteria,Nevskiales,Nevskiaceae,Solimonas,Unclassified,SRR28842982_Scaff0887899||full,134108,Yes,33656,128,17,52,Medium-quality,Genome-fragment,62.02,HMM-based (lower-bound),74.9,1,low-confidence Provirus
SRR28842982.bin.115,Pseudomonadota,Gammaproteobacteria,Nevskiales,Nevskiaceae,CAU-1509,Unclassified,SRR28842982_Scaff0240923||full,66018,Yes,35919,74,18,14,Medium-quality,Genome-fragment,89.02,AAI-based (medium-confidence),45.59,1,contig >1.5x longer than expected genome length
SRR28842982.bin.121,Actinomycetota,Actinomycetes,Actinomycetales,Microbacteriaceae,Terrimesophilobacter,Unclassified,SRR28842982_Scaff0873215||full,40418,No,NA,39,1,11,Medium-quality,Genome-fragment,64.82,HMM-based (lower-bound),0,1,
SRR28842982.bin.20,Pseudomonadota,Gammaproteobacteria,Halothiobacillales,Halothiobacillaceae,Halothiobacillus,Unclassified,SRR28842982_Scaff0159622||0_partial,66064,Yes,50591,79,14,15,High-quality,High-quality,99.14,AAI-based (high-confidence),23.42,1,
SRR28842982.bin.20,Pseudomonadota,Gammaproteobacteria,Halothiobacillales,Halothiobacillaceae,Halothiobacillus,Unclassified,SRR28842982_Scaff0161057||0_partial,38832,Yes,32468,47,15,7,Medium-quality,Genome-fragment,75.95,AAI-based (medium-confidence),16.39,1,
SRR28842982.bin.20,Pseudomonadota,Gammaproteobacteria,Halothiobacillales,Halothiobacillaceae,Halothiobacillus,Unclassified,SRR28842982_Scaff0479347||0_partial,36714,Yes,31736,37,12,5,Medium-quality,Genome-fragment,84.08,AAI-based (medium-confidence),13.56,1,
SRR28842982.bin.32,Pseudomonadota,Gammaproteobacteria,JAHJQQ01,JAHJQQ01,JAHJQQ01,Unclassified,SRR28842982_Scaff0207579||full,36407,No,NA,46,12,2,Medium-quality,Genome-fragment,62.89,AAI-based (high-confidence),0,1,
SRR28842982.bin.39,Pseudomonadota,Gammaproteobacteria,Xanthomonadales,Xanthomonadaceae,Lysobacter,Unclassified,SRR28842982_Scaff0669530||full,80367,Yes,27226,93,11,23,Medium-quality,Genome-fragment,63.08,AAI-based (high-confidence),66.12,1,contig >1.5x longer than expected genome length; low-confidence Provirus
SRR28842987.bin.108,Pseudomonadota,Alphaproteobacteria,Rhizobiales,Stappiaceae,Pannonibacter,Pannonibacter sp026672425,SRR28842987_Scaff446986||full,40353,No,NA,56,25,0,High-quality,High-quality,100,AAI-based (medium-confidence),0,1,
SRR28842987.bin.61,Pseudomonadota,Alphaproteobacteria,Rhodobacterales,Rhodobacteraceae,EhC02,EhC02 sp002282555,SRR28842987_Scaff084659||full,46208,Yes,24691,60,17,19,Medium-quality,Genome-fragment,58.15,AAI-based (high-confidence),46.57,1,
SRR28842987.bin.87,Pseudomonadota,Gammaproteobacteria,Xanthomonadales,Xanthomonadaceae,UBA11164,Unclassified,SRR28842987_Scaff217677||full,67315,Yes,36979,82,26,24,High-quality,High-quality,100,AAI-based (medium-confidence),45.07,1,contig >1.5x longer than expected genome length
SRR28842987.bin.89,Pseudomonadota,Gammaproteobacteria,Burkholderiales,Burkholderiaceae,Quisquiliibacterium,Unclassified,SRR28842987_Scaff406455||full,36880,No,NA,48,16,1,Medium-quality,Genome-fragment,78.7,HMM-based (lower-bound),0,1.01,
SRR28842989.bin.49,Pseudomonadota,Gammaproteobacteria,Halothiobacillales,Halothiobacillaceae,JARJMX02,Unclassified,SRR28842989_Scaff004884||full,20759,No,NA,30,20,0,Medium-quality,Genome-fragment,55.21,AAI-based (medium-confidence),0,1,
SRR28842989.bin.49,Pseudomonadota,Gammaproteobacteria,Halothiobacillales,Halothiobacillaceae,JARJMX02,Unclassified,SRR28842989_Scaff332427||full,32940,No,NA,51,26,1,Medium-quality,Genome-fragment,79.83,AAI-based (high-confidence),0,1,
SRR28842992.bin.11,Pseudomonadota,Alphaproteobacteria,Rhodobacterales,Rhodobacteraceae,Paracoccus,Paracoccus sp009696685,SRR28842992_Scaff0170755||full,70572,Yes,32843,87,26,29,Medium-quality,Genome-fragment,72.03,HMM-based (lower-bound),53.46,1,low-confidence Provirus
SRR29646150.bin.26,Pseudomonadota,Alphaproteobacteria,Rhodobacterales,Rhodobacteraceae,Albidovulum,Unclassified,SRR29646150_Scaff350908||full,41676,No,NA,63,17,1,High-quality,High-quality,100,AAI-based (medium-confidence),0,1,
SRR29646150.bin.26,Pseudomonadota,Alphaproteobacteria,Rhodobacterales,Rhodobacteraceae,Albidovulum,Unclassified,SRR29646150_Scaff409919||0_partial,45644,Yes,40204,45,14,4,Medium-quality,Genome-fragment,79.53,AAI-based (medium-confidence),11.92,1,
SRR29646154.bin.13,Bacteroidota,Bacteroidia,Cytophagales,Cyclobacteriaceae,Chryseolinea,Unclassified,SRR29646154_Scaff215000||full,42795,No,NA,82,16,0,High-quality,High-quality,100,AAI-based (high-confidence),0,1,
SRR29646154.bin.51,Myxococcota,Polyangia,Polyangiales,Polyangiaceae,JAICQQ01,Unclassified,SRR29646154_Scaff320047||full,41797,No,NA,69,13,1,High-quality,High-quality,100,AAI-based (medium-confidence),0,1,
SRR29646154.bin.51,Myxococcota,Polyangia,Polyangiales,Polyangiaceae,JAICQQ01,Unclassified,SRR29646154_Scaff816245||full,45415,No,NA,69,9,4,Medium-quality,Genome-fragment,77.65,HMM-based (lower-bound),0,1,
SRR29646155.bin.13,Acidobacteriota,Terriglobia,Bryobacterales,UBA6623,CAMPKL01,Unclassified,SRR29646155_Scaff614552||full,59287,No,NA,104,17,2,Medium-quality,Genome-fragment,75.94,HMM-based (lower-bound),0,1,
SRR29646155.bin.23,Actinomycetota,Actinomycetes,Propionibacteriales,Nocardioidaceae,Nocardioides_C,Unclassified,SRR29646155_Scaff428943||full,55013,No,NA,99,18,1,High-quality,High-quality,100,AAI-based (high-confidence),0,1,
SRR29646156.bin.28,Pseudomonadota,Gammaproteobacteria,Pseudomonadales,Oleiphilaceae,Hahella,Hahella sp030719035,SRR29646156_Scaff067397||0_partial,30886,Yes,22614,36,13,5,Medium-quality,Genome-fragment,68.39,AAI-based (high-confidence),26.78,1,
SRR29646156.bin.39,Pseudomonadota,Gammaproteobacteria,Pseudomonadales,Moraxellaceae,Acinetobacter,Acinetobacter junii,SRR29646156_Scaff143152||full,43263,Yes,35765,55,17,4,High-quality,High-quality,100,AAI-based (high-confidence),17.33,1,
SRR29646156.bin.39,Pseudomonadota,Gammaproteobacteria,Pseudomonadales,Moraxellaceae,Acinetobacter,Acinetobacter junii,SRR29646156_Scaff073828||full,110731,Yes,37496,115,24,45,Medium-quality,Genome-fragment,80.49,HMM-based (lower-bound),66.14,1,
SRR29646156.bin.39,Pseudomonadota,Gammaproteobacteria,Pseudomonadales,Moraxellaceae,Acinetobacter,Acinetobacter junii,SRR29646156_Scaff477715||full,61783,Yes,35774,71,16,19,Medium-quality,Genome-fragment,81.22,AAI-based (high-confidence),42.1,1,
SRR29646157.bin.21,Gemmatimonadota,Gemmatimonadetes,Longimicrobiales,UBA6960,SZUA-318,Unclassified,SRR29646157_Scaff461279||full,52649,No,NA,78,9,1,High-quality,High-quality,100,AAI-based (medium-confidence),0,1,
SRR29646157.bin.21,Gemmatimonadota,Gemmatimonadetes,Longimicrobiales,UBA6960,SZUA-318,Unclassified,SRR29646157_Scaff219177||full,46566,No,NA,77,6,1,High-quality,High-quality,100,AAI-based (medium-confidence),0,1,
SRR29646158.bin.25,Bacteroidota,Bacteroidia,Cytophagales,Cyclobacteriaceae,ZC4RG29,Unclassified,SRR29646158_Scaff266990||full,47493,No,NA,81,19,1,High-quality,High-quality,100,AAI-based (medium-confidence),0,1,
SRR29646158.bin.25,Bacteroidota,Bacteroidia,Cytophagales,Cyclobacteriaceae,ZC4RG29,Unclassified,SRR29646158_Scaff087339||full,27764,No,NA,34,17,0,Medium-quality,Genome-fragment,61.21,AAI-based (medium-confidence),0,1,
SRR29646158.bin.60,Bacteroidota,Bacteroidia,Flavobacteriales,Flavobacteriaceae,Flagellimonas,Flagellimonas beolgyonensis,SRR29646158_Scaff220573||full,51428,No,NA,78,12,1,High-quality,High-quality,100,AAI-based (high-confidence),0,1.01,
SRR29646158.bin.9,Myxococcota,Polyangia,Polyangiales,Polyangiaceae,SZUA-265,Unclassified,SRR29646158_Scaff187407||full,54861,No,NA,98,12,2,Medium-quality,Genome-fragment,83.4,HMM-based (lower-bound),0,1,
SRR29646159.bin.17,Bacteroidota,Bacteroidia,Chitinophagales,Chitinophagaceae,Chitinophaga,Unclassified,SRR29646159_Scaff329957||0_partial,126353,Yes,40201,138,16,43,Medium-quality,Genome-fragment,64.92,HMM-based (lower-bound),68.18,1,
SRR29646159.bin.2,Pseudomonadota,Alphaproteobacteria,Rhizobiales,Rhizobiaceae,Sinorhizobium,Sinorhizobium alkalisoli,SRR29646159_Scaff116491||full,83038,Yes,79784,108,15,3,High-quality,High-quality,100,AAI-based (medium-confidence),3.92,1,
SRR29646159.bin.22,Pseudomonadota,Gammaproteobacteria,Burkholderiales,Burkholderiaceae,Achromobacter,Achromobacter pulmonis,SRR29646159_Scaff259628||0_partial,76258,Yes,44005,78,24,20,Complete,High-quality,100,Provirus (high-confidence),42.29,1,contig >1.5x longer than expected genome length
SRR29646159.bin.22,Pseudomonadota,Gammaproteobacteria,Burkholderiales,Burkholderiaceae,Achromobacter,Achromobacter pulmonis,SRR29646159_Scaff104810||0_partial,64415,Yes,45327,78,28,19,Medium-quality,Genome-fragment,56.27,HMM-based (lower-bound),29.63,1,
SRR29646160.bin.35,Bacteroidota,Bacteroidia,Cytophagales,Cyclobacteriaceae,ZC4RG29,Unclassified,SRR29646160_Scaff601851||full,53516,No,NA,97,14,0,Medium-quality,Genome-fragment,77.97,HMM-based (lower-bound),0,1,
SRR29646160.bin.35,Bacteroidota,Bacteroidia,Cytophagales,Cyclobacteriaceae,ZC4RG29,Unclassified,SRR29646160_Scaff553529||0_partial,74321,Yes,36984,86,5,26,Medium-quality,Genome-fragment,60.28,HMM-based (lower-bound),50.24,1,
SRR29646161.bin.53,Pseudomonadota,Alphaproteobacteria,UBA8366,JADFVY01,GCA-020356105,Unclassified,SRR29646161_Scaff027809||full,33491,Yes,27948,36,12,8,Medium-quality,Genome-fragment,64.73,AAI-based (medium-confidence),16.55,1,
SRR29689609.bin.32,Pseudomonadota,Gammaproteobacteria,Pseudomonadales,Alcanivoracaceae,Alloalcanivorax,Alloalcanivorax venustensis,SRR29689609_Scaff574633||full,43110,Yes,37575,67,22,4,Complete,High-quality,100,Provirus (high-confidence),12.84,1,
SRR29689609.bin.34,Actinomycetota,Actinomycetes,Propionibacteriales,Nocardioidaceae,Aeromicrobium,Unclassified,SRR29689609_Scaff234131||full,26905,Yes,23756,48,13,2,Medium-quality,Genome-fragment,65,HMM-based (lower-bound),11.7,1,
SRR29689609.bin.6,Pseudomonadota,Gammaproteobacteria,Pseudomonadales,Pseudomonadaceae,Stutzerimonas,Stutzerimonas xanthomarina_A,SRR29689609_Scaff123856||full,37837,No,NA,67,28,0,High-quality,High-quality,93.23,AAI-based (high-confidence),0,1,
SRR29689609.bin.6,Pseudomonadota,Gammaproteobacteria,Pseudomonadales,Pseudomonadaceae,Stutzerimonas,Stutzerimonas xanthomarina_A,SRR29689609_Scaff599968||full,46017,No,NA,76,20,1,Medium-quality,Genome-fragment,65.59,HMM-based (lower-bound),0,1,
SRR29689609.bin.67,Pseudomonadota,Gammaproteobacteria,Pseudomonadales,Pseudomonadaceae,Pseudomonas_E,Unclassified,SRR29689609_Scaff136314||full,47870,Yes,32356,62,29,8,Medium-quality,Genome-fragment,68.87,HMM-based (lower-bound),32.41,1,low-confidence Provirus
SRR29689609.bin.67,Pseudomonadota,Gammaproteobacteria,Pseudomonadales,Pseudomonadaceae,Pseudomonas_E,Unclassified,SRR29689609_Scaff382887||full,62780,Yes,36905,79,39,22,Medium-quality,Genome-fragment,82.91,HMM-based (lower-bound),41.22,1,
SRR29689609.bin.76,Pseudomonadota,Gammaproteobacteria,Enterobacterales,Aeromonadaceae,Zobellella_C,Unclassified,SRR29689609_Scaff161198||full,34346,Yes,23220,49,18,6,Medium-quality,Genome-fragment,62.62,AAI-based (medium-confidence),32.39,1,
SRR29689609.bin.83,Pseudomonadota,Gammaproteobacteria,Pseudomonadales,Halomonadaceae,Halomonas,Halomonas cupida,SRR29689609_Scaff278151||full,57709,Yes,35187,74,27,22,High-quality,High-quality,100,AAI-based (high-confidence),39.03,1,contig >1.5x longer than expected genome length
SRR29689609.bin.83,Pseudomonadota,Gammaproteobacteria,Pseudomonadales,Halomonadaceae,Halomonas,Halomonas cupida,SRR29689609_Scaff327542||0_partial,49432,Yes,40320,57,20,9,Medium-quality,Genome-fragment,88.27,AAI-based (high-confidence),18.43,1,
SRR29689609.bin.99,Myxococcota,Bradymonadia,Bradymonadales,Bradymonadaceae,Lujinxingia,Unclassified,SRR29689609_Scaff253048||full,37657,No,NA,54,4,1,High-quality,High-quality,100,AAI-based (medium-confidence),0,1,
SRR29689609.bin.99,Myxococcota,Bradymonadia,Bradymonadales,Bradymonadaceae,Lujinxingia,Unclassified,SRR29689609_Scaff337475||full,41559,No,NA,58,13,2,Medium-quality,Genome-fragment,86.13,AAI-based (medium-confidence),0,1,
SRR29689610.bin.15,Pseudomonadota,Gammaproteobacteria,Enterobacterales,Alteromonadaceae,Pseudidiomarina,Unclassified,SRR29689610_Scaff261534||full,45809,No,NA,71,26,0,High-quality,High-quality,99.82,AAI-based (medium-confidence),0,1,
SRR29689610.bin.20,Verrucomicrobiota,Verrucomicrobiae,Verrucomicrobiales,Akkermansiaceae,Haloferula,Unclassified,SRR29689610_Scaff679530||full,37517,No,NA,59,17,0,High-quality,High-quality,100,AAI-based (medium-confidence),0,1,
SRR29689610.bin.29,Pseudomonadota,Gammaproteobacteria,Pseudomonadales,Cellvibrionaceae,Marinimicrobium,Unclassified,SRR29689610_Scaff458458||full,46321,No,NA,68,32,4,High-quality,High-quality,100,AAI-based (medium-confidence),0,1,
SRR29689610.bin.50,Pseudomonadota,Gammaproteobacteria,Enterobacterales,Alteromonadaceae,Idiomarina,Unclassified,SRR29689610_Scaff665992||full,35410,No,NA,55,8,0,High-quality,High-quality,100,AAI-based (medium-confidence),0,1,
SRR29689611.bin.44,Pseudomonadota,Gammaproteobacteria,Pseudomonadales,Halomonadaceae,Vreelandella,Vreelandella campaniensis_A,SRR29689611_Scaff026843||full,37358,Yes,18885,42,20,11,Medium-quality,Genome-fragment,53.38,AAI-based (high-confidence),49.45,1,
SRR29689611.bin.69,Pseudomonadota,Gammaproteobacteria,Enterobacterales,Alteromonadaceae,Rheinheimera,Unclassified,SRR29689611_Scaff639947||0_partial,61302,Yes,46714,75,22,10,Medium-quality,Genome-fragment,72.99,HMM-based (lower-bound),23.8,1,low-confidence Provirus
SRR31572239.bin.7,Pseudomonadota,Gammaproteobacteria,Burkholderiales,Burkholderiaceae,Comamonas,Comamonas aquatica,SRR31572239_Scaff087339||full,48702,No,NA,65,17,1,Medium-quality,Genome-fragment,83.11,AAI-based (medium-confidence),0,1,
SRR31572239.bin.7,Pseudomonadota,Gammaproteobacteria,Burkholderiales,Burkholderiaceae,Comamonas,Comamonas aquatica,SRR31572239_Scaff228653||full,68180,Yes,31525,71,29,23,Medium-quality,Genome-fragment,89.68,AAI-based (medium-confidence),53.76,1,contig >1.5x longer than expected genome length
SRR31572241.bin.18,Bacteroidota,Bacteroidia,Flavobacteriales,Flavobacteriaceae,Flavobacterium,Flavobacterium anhuiense,SRR31572241_Scaff347497||full,37276,No,NA,56,3,2,High-quality,High-quality,100,AAI-based (medium-confidence),0,1,
SRR31572241.bin.27,Pseudomonadota,Gammaproteobacteria,Pseudomonadales,Pseudomonadaceae,Pseudomonas_E,Pseudomonas_E rhodesiae,SRR31572241_Scaff018167||0_partial,81768,Yes,37556,105,23,37,Complete,High-quality,100,Provirus (high-confidence),54.07,1,contig >1.5x longer than expected genome length
SRR31572241.bin.27,Pseudomonadota,Gammaproteobacteria,Pseudomonadales,Pseudomonadaceae,Pseudomonas_E,Pseudomonas_E rhodesiae,SRR31572241_Scaff061659||0_partial,47384,No,NA,57,18,1,High-quality,High-quality,100,AAI-based (high-confidence),0,1,
SRR31572241.bin.27,Pseudomonadota,Gammaproteobacteria,Pseudomonadales,Pseudomonadaceae,Pseudomonas_E,Pseudomonas_E rhodesiae,SRR31572241_Scaff222755||0_partial,65626,Yes,45113,76,22,15,High-quality,High-quality,100,AAI-based (high-confidence),31.26,1,contig >1.5x longer than expected genome length
SRR31572241.bin.27,Pseudomonadota,Gammaproteobacteria,Pseudomonadales,Pseudomonadaceae,Pseudomonas_E,Pseudomonas_E rhodesiae,SRR31572241_Scaff203585||0_partial,26994,No,NA,31,18,2,Medium-quality,Genome-fragment,62.77,AAI-based (high-confidence),0,1,
SRR31572241.bin.32,Pseudomonadota,Gammaproteobacteria,Enterobacterales,Enterobacteriaceae,Serratia,Serratia ureilytica,SRR31572241_Scaff003137||full,67332,Yes,31530,74,29,27,High-quality,High-quality,92.19,AAI-based (medium-confidence),53.17,1,contig >1.5x longer than expected genome length
SRR31572242.bin.5,Pseudomonadota,Gammaproteobacteria,Pseudomonadales,Pseudomonadaceae,Halopseudomonas,Halopseudomonas phragmitis,SRR31572242_Scaff375895||0_partial,34816,Yes,18241,38,11,10,Medium-quality,Genome-fragment,51.37,AAI-based (high-confidence),47.61,1,
SRR31572243.bin.14,Pseudomonadota,Gammaproteobacteria,Enterobacterales,Aeromonadaceae,Aeromonas,Aeromonas caviae,SRR31572243_Scaff400916||full,65079,Yes,35063,73,23,23,Complete,High-quality,100,Provirus (high-confidence),46.12,1,contig >1.5x longer than expected genome length
SRR31572243.bin.14,Pseudomonadota,Gammaproteobacteria,Enterobacterales,Aeromonadaceae,Aeromonas,Aeromonas caviae,SRR31572243_Scaff212811||full,41113,No,NA,54,40,0,High-quality,High-quality,100,AAI-based (high-confidence),0,1,
SRR31572243.bin.2,Pseudomonadota,Gammaproteobacteria,Pseudomonadales,Pseudomonadaceae,Pseudomonas_E,Pseudomonas_E sp900156465,SRR31572243_Scaff282156||full,38550,Yes,29510,51,30,10,Medium-quality,Genome-fragment,65.14,AAI-based (high-confidence),23.45,1,
SRR31572243.bin.32,Pseudomonadota,Alphaproteobacteria,Sphingomonadales,Sphingomonadaceae,Novosphingobium,Unclassified,SRR31572243_Scaff254021||full,47898,No,NA,66,17,1,High-quality,High-quality,100,AAI-based (medium-confidence),0,1,
SRR31572244.bin.12,Pseudomonadota,Gammaproteobacteria,Enterobacterales,Enterobacteriaceae,Enterobacter,Enterobacter bugandensis,SRR31572244_Scaff050839||full,70744,Yes,37795,75,25,24,Medium-quality,Genome-fragment,82.96,AAI-based (high-confidence),46.57,1,contig >1.5x longer than expected genome length
SRR31572244.bin.21,Bacillota_A,Clostridia,Lachnospirales,Lachnospiraceae,Lacrimispora,Lacrimispora sp015057715,SRR31572244_Scaff098954||0_partial,126843,Yes,34934,138,18,57,Complete,High-quality,100,Provirus (medium-confidence),72.46,1,contig >1.5x longer than expected genome length
SRR31572244.bin.21,Bacillota_A,Clostridia,Lachnospirales,Lachnospiraceae,Lacrimispora,Lacrimispora sp015057715,SRR31572244_Scaff110205||0_partial,120983,Yes,42892,144,31,57,Complete,High-quality,100,Provirus (high-confidence),64.55,1,contig >1.5x longer than expected genome length
SRR31572244.bin.21,Bacillota_A,Clostridia,Lachnospirales,Lachnospiraceae,Lacrimispora,Lacrimispora sp015057715,SRR31572244_Scaff110205||1_partial,4489,No,NA,6,1,1,High-quality,High-quality,100,HMM-based (lower-bound),0,1,
SRR31572244.bin.21,Bacillota_A,Clostridia,Lachnospirales,Lachnospiraceae,Lacrimispora,Lacrimispora sp015057715,SRR31572244_Scaff224837||full,108401,Yes,34729,137,22,50,Medium-quality,Genome-fragment,58.97,HMM-based (lower-bound),67.96,1,low-confidence Provirus
SRR31572244.bin.5,Actinomycetota,Actinomycetes,Streptosporangiales,Streptosporangiaceae,Nonomuraea,Unclassified,SRR31572244_Scaff015596||0_partial,39619,Yes,25787,49,14,10,Medium-quality,Genome-fragment,50.73,AAI-based (high-confidence),34.91,1,low-confidence Provirus
SRR32147493.bin.14,Pseudomonadota,Alphaproteobacteria,Sphingomonadales,Sphingomonadaceae,Parasphingopyxis,Unclassified,SRR32147493_Scaff632610||full,43688,No,NA,60,8,4,High-quality,High-quality,100,AAI-based (medium-confidence),0,1,
SRR32147493.bin.28,Chloroflexota,Dehalococcoidia,DSTF01,RBG-16-68-14,Unclassified,Unclassified,SRR32147493_Scaff250552||full,13326,No,NA,14,3,3,Medium-quality,Genome-fragment,87,AAI-based (medium-confidence),0,1,
SRR32147493.bin.32,Eisenbacteria,RBG-16-71-46,RBG-16-71-46,Unclassified,Unclassified,Unclassified,SRR32147493_Scaff049952||full,45999,Yes,33836,57,13,6,Medium-quality,Genome-fragment,88.42,AAI-based (medium-confidence),26.44,1,
SRR32147494.bin.77,Planctomycetota,UBA1135,UBA2386,UBA2386,Unclassified,Unclassified,SRR32147494_Scaff264225||0_partial,81215,Yes,43148,105,8,24,High-quality,High-quality,97.89,AAI-based (medium-confidence),46.87,1,contig >1.5x longer than expected genome length
SRR32147495.bin.14,Pseudomonadota,Alphaproteobacteria,Rhodobacterales,Rhodobacteraceae,Thermohalobaculum,Unclassified,SRR32147495_Scaff696164||full,48665,No,NA,80,22,2,High-quality,High-quality,100,AAI-based (high-confidence),0,1,
SRR32147495.bin.14,Pseudomonadota,Alphaproteobacteria,Rhodobacterales,Rhodobacteraceae,Thermohalobaculum,Unclassified,SRR32147495_Scaff440093||0_partial,22851,Yes,12082,20,6,8,High-quality,High-quality,99.14,AAI-based (medium-confidence),47.13,1,contig >1.5x longer than expected genome length
SRR32147495.bin.17,Pseudomonadota,Alphaproteobacteria,Geminicoccales,Geminicoccaceae,Unclassified,Unclassified,SRR32147495_Scaff116907||0_partial,32107,No,NA,31,11,2,Medium-quality,Genome-fragment,58.68,AAI-based (medium-confidence),0,1,
SRR32147495.bin.17,Pseudomonadota,Alphaproteobacteria,Geminicoccales,Geminicoccaceae,Unclassified,Unclassified,SRR32147495_Scaff236147||0_partial,21662,No,NA,21,6,2,Medium-quality,Genome-fragment,61.35,AAI-based (medium-confidence),0,1,
SRR32147499.bin.60,Pseudomonadota,Alphaproteobacteria,Rhodobacterales,Rhodobacteraceae,PHEG01,Unclassified,SRR32147499_Scaff159449||full,28802,No,NA,37,13,1,Medium-quality,Genome-fragment,63,AAI-based (medium-confidence),0,1,
SRR32147499.bin.78,Planctomycetota,Planctomycetia,Planctomycetales,Planctomycetaceae,Unclassified,Unclassified,SRR32147499_Scaff138819||full,84797,Yes,36530,85,10,11,Medium-quality,Genome-fragment,82.14,AAI-based (medium-confidence),56.92,1,contig >1.5x longer than expected genome length
SRR32147499.bin.78,Planctomycetota,Planctomycetia,Planctomycetales,Planctomycetaceae,Unclassified,Unclassified,SRR32147499_Scaff377018||full,56350,No,NA,44,3,10,Medium-quality,Genome-fragment,54.77,HMM-based (lower-bound),0,1,
SRR32147499.bin.78,Planctomycetota,Planctomycetia,Planctomycetales,Planctomycetaceae,Unclassified,Unclassified,SRR32147499_Scaff509842||full,36031,Yes,25373,34,4,4,Medium-quality,Genome-fragment,55.54,AAI-based (medium-confidence),29.58,1,
SRR32147508.bin.10,Planctomycetota,Phycisphaerae,UBA1845,UBA1845,Unclassified,Unclassified,SRR32147508_Scaff538432||full,25411,No,NA,22,3,1,Medium-quality,Genome-fragment,53.6,AAI-based (medium-confidence),0,1,
SRR32147508.bin.37,Planctomycetota,Phycisphaerae,Phycisphaerales,UBA1924,J020,Unclassified,SRR32147508_Scaff533876||full,34123,No,NA,46,7,0,Medium-quality,Genome-fragment,58.95,HMM-based (lower-bound),0,1,
SRR32147508.bin.70,Pseudomonadota,Alphaproteobacteria,Rhizobiales,Methyloligellaceae,Unclassified,Unclassified,SRR32147508_Scaff353250||full,71666,Yes,35380,77,15,26,Medium-quality,Genome-fragment,66.27,AAI-based (medium-confidence),50.63,1,
SRR32147508.bin.72,Pseudomonadota,Alphaproteobacteria,Sphingomonadales,Rhodothalassiaceae,Unclassified,Unclassified,SRR32147508_Scaff153328||full,26167,No,NA,41,14,0,Medium-quality,Genome-fragment,68.19,AAI-based (medium-confidence),0,1,
SRR32147508.bin.73,Gemmatimonadota,Gemmatimonadetes,Palauibacterales,Palauibacteraceae,JAOTZH01,Unclassified,SRR32147508_Scaff204122||full,60177,No,NA,93,33,2,High-quality,High-quality,99.24,AAI-based (medium-confidence),0,1,
SRR32147508.bin.90,Desulfobacterota_D,UBA1144,RKRQ01,JAJCZQ01,Unclassified,Unclassified,SRR32147508_Scaff693790||0_partial,72046,Yes,30510,96,17,27,Medium-quality,Genome-fragment,68.34,AAI-based (medium-confidence),57.65,1,contig >1.5x longer than expected genome length; low-confidence Provirus
SRR32147508.bin.91,Hydrogenedentota,Hydrogenedentia,Hydrogenedentiales,Unclassified,Unclassified,Unclassified,SRR32147508_Scaff054456||0_partial,64030,No,NA,31,1,9,High-quality,High-quality,100,HMM-based (lower-bound),0,1.01,
SRR32147508.bin.95,Gemmatimonadota,Gemmatimonadetes,Longimicrobiales,RSA9,Unclassified,Unclassified,SRR32147508_Scaff582322||full,86469,Yes,62277,126,14,19,Medium-quality,Genome-fragment,68.48,HMM-based (lower-bound),27.98,1,low-confidence Provirus
SRR32147509.bin.1,Myxococcota_A,UBA9160,UBA9160,SMWR01,JAHEJV01,Unclassified,SRR32147509_Scaff382066||full,45842,No,NA,60,2,4,Medium-quality,Genome-fragment,68.22,HMM-based (lower-bound),0,1,
SRR32147509.bin.14,Planctomycetota,Planctomycetia,Planctomycetales,Planctomycetaceae,Unclassified,Unclassified,SRR32147509_Scaff483889||full,26931,No,NA,33,7,2,Medium-quality,Genome-fragment,58.16,AAI-based (medium-confidence),0,1.01,
SRR32147509.bin.49,Planctomycetota,Planctomycetia,Planctomycetales,Planctomycetaceae,JABURQ01,Unclassified,SRR32147509_Scaff662319||full,44489,No,NA,46,8,1,High-quality,High-quality,94.43,AAI-based (medium-confidence),0,1,
SRR32147509.bin.49,Planctomycetota,Planctomycetia,Planctomycetales,Planctomycetaceae,JABURQ01,Unclassified,SRR32147509_Scaff739551||full,54707,Yes,31145,67,2,11,Medium-quality,Genome-fragment,57.68,HMM-based (lower-bound),43.07,1,
SRR32147509.bin.96,Pseudomonadota,Alphaproteobacteria,Rhizobiales,Methyloligellaceae,Unclassified,Unclassified,SRR32147509_Scaff105246||full,15092,No,NA,16,6,0,Medium-quality,Genome-fragment,53.22,AAI-based (medium-confidence),0,1,
SRR32774196.bin.13,Pseudomonadota,Gammaproteobacteria,Enterobacterales,Alteromonadaceae,Pseudoalteromonas,Pseudoalteromonas sp001974855,SRR32774196_Scaff17573||full,97523,Yes,56625,101,15,28,Medium-quality,Genome-fragment,65.62,HMM-based (lower-bound),41.94,1,low-confidence Provirus
SRR32774196.bin.15,Bacillota,Bacilli,Lactobacillales,Carnobacteriaceae,Carnobacterium,Carnobacterium maltaromaticum,SRR32774196_Scaff12233||0_partial,81370,Yes,36148,92,18,34,Medium-quality,Genome-fragment,66.16,HMM-based (lower-bound),55.58,1,
SRR32774196.bin.16,Pseudomonadota,Gammaproteobacteria,Enterobacterales,Vibrionaceae,Vibrio,Vibrio toranzoniae,SRR32774196_Scaff11755||0_partial,74710,Yes,34987,83,24,28,Complete,High-quality,100,Provirus (high-confidence),53.17,1,contig >1.5x longer than expected genome length
SRR32774196.bin.3,Pseudomonadota,Gammaproteobacteria,Enterobacterales,Enterobacteriaceae,Rouxiella,Unclassified,SRR32774196_Scaff12423||0_partial,193821,Yes,44147,180,45,87,Complete,High-quality,100,Provirus (high-confidence),77.22,1,contig >1.5x longer than expected genome length
SRR32774197.bin.22,Pseudomonadota,Gammaproteobacteria,Enterobacterales,Shewanellaceae,Shewanella,Shewanella vesiculosa,SRR32774197_Scaff081715||0_partial,98722,Yes,52162,112,35,34,Complete,High-quality,100,Provirus (high-confidence),47.16,1,contig >1.5x longer than expected genome length
SRR32774197.bin.27,Pseudomonadota,Gammaproteobacteria,Pseudomonadales,Pseudomonadaceae,Pseudomonas_E,Pseudomonas_E taeanensis,SRR32774197_Scaff034517||full,44606,Yes,33767,51,22,7,Medium-quality,Genome-fragment,75.32,HMM-based (lower-bound),24.3,1,
SRR32774197.bin.33,Pseudomonadota,Gammaproteobacteria,Enterobacterales,Alteromonadaceae,Pseudoalteromonas,Pseudoalteromonas rhizosphaerae,SRR32774197_Scaff067375||full,55795,Yes,34774,62,20,17,High-quality,High-quality,98.43,AAI-based (high-confidence),37.68,1,contig >1.5x longer than expected genome length
SRR32774197.bin.33,Pseudomonadota,Gammaproteobacteria,Enterobacterales,Alteromonadaceae,Pseudoalteromonas,Pseudoalteromonas rhizosphaerae,SRR32774197_Scaff134632||full,32774,No,NA,39,19,0,High-quality,High-quality,92.77,AAI-based (high-confidence),0,1,
SRR32774197.bin.33,Pseudomonadota,Gammaproteobacteria,Enterobacterales,Alteromonadaceae,Pseudoalteromonas,Pseudoalteromonas rhizosphaerae,SRR32774197_Scaff059288||full,73977,Yes,44671,79,18,17,Medium-quality,Genome-fragment,77.13,HMM-based (lower-bound),39.62,1,
SRR32774197.bin.34,Pseudomonadota,Alphaproteobacteria,Rhodobacterales,Rhodobacteraceae,Unclassified,Unclassified,SRR32774197_Scaff119541||0_partial,70290,Yes,35155,86,12,22,Complete,High-quality,100,Provirus (medium-confidence),49.99,1,contig >1.5x longer than expected genome length
SRR32774197.bin.34,Pseudomonadota,Alphaproteobacteria,Rhodobacterales,Rhodobacteraceae,Unclassified,Unclassified,SRR32774197_Scaff123575||full,102763,Yes,56628,122,30,39,High-quality,High-quality,100,AAI-based (high-confidence),44.89,1,contig >1.5x longer than expected genome length
SRR32774197.bin.34,Pseudomonadota,Alphaproteobacteria,Rhodobacterales,Rhodobacteraceae,Unclassified,Unclassified,SRR32774197_Scaff047226||full,24760,No,NA,34,11,2,Medium-quality,Genome-fragment,62.53,AAI-based (medium-confidence),0,1,
SRR32774198.bin.12,Pseudomonadota,Gammaproteobacteria,Pseudomonadales,Halomonadaceae,Bisbaumannia,Bisbaumannia pacifica,SRR32774198_Scaff043430||0_partial,89875,Yes,49361,97,23,29,High-quality,High-quality,93.98,AAI-based (medium-confidence),45.08,1,contig >1.5x longer than expected genome length
SRR32774198.bin.18,Pseudomonadota,Gammaproteobacteria,Enterobacterales,Enterobacteriaceae,Lelliottia,Lelliottia nimipressuralis,SRR32774198_Scaff021976||full,177693,Yes,40531,169,33,99,Complete,High-quality,100,Provirus (high-confidence),77.19,1,contig >1.5x longer than expected genome length
SRR32774198.bin.18,Pseudomonadota,Gammaproteobacteria,Enterobacterales,Enterobacteriaceae,Lelliottia,Lelliottia nimipressuralis,SRR32774198_Scaff011727||0_partial,61056,Yes,34965,70,32,27,High-quality,High-quality,99,AAI-based (high-confidence),42.73,1,contig >1.5x longer than expected genome length
SRR32774198.bin.18,Pseudomonadota,Gammaproteobacteria,Enterobacterales,Enterobacteriaceae,Lelliottia,Lelliottia nimipressuralis,SRR32774198_Scaff011537||full,98669,Yes,43060,112,34,46,Medium-quality,Genome-fragment,81.75,AAI-based (high-confidence),56.36,1,contig >1.5x longer than expected genome length
SRR32774198.bin.18,Pseudomonadota,Gammaproteobacteria,Enterobacterales,Enterobacteriaceae,Lelliottia,Lelliottia nimipressuralis,SRR32774198_Scaff106728||0_partial,18060,Yes,11633,23,3,5,Medium-quality,Genome-fragment,54.75,AAI-based (medium-confidence),35.59,1,
SRR32774198.bin.24,Pseudomonadota,Gammaproteobacteria,Pseudomonadales,Pseudomonadaceae,Pseudomonas_E,Pseudomonas_E atacamensis,SRR32774198_Scaff012758||0_partial,46247,Yes,43696,57,25,4,High-quality,High-quality,100,AAI-based (medium-confidence),5.52,1,
SRR32774198.bin.24,Pseudomonadota,Gammaproteobacteria,Pseudomonadales,Pseudomonadaceae,Pseudomonas_E,Pseudomonas_E atacamensis,SRR32774198_Scaff042401||0_partial,57280,Yes,34749,68,22,13,High-quality,High-quality,100,AAI-based (high-confidence),39.33,1,contig >1.5x longer than expected genome length
SRR32774198.bin.24,Pseudomonadota,Gammaproteobacteria,Pseudomonadales,Pseudomonadaceae,Pseudomonas_E,Pseudomonas_E atacamensis,SRR32774198_Scaff010119||0_partial,49237,Yes,28141,57,29,15,Medium-quality,Genome-fragment,62.66,AAI-based (high-confidence),42.85,1,
SRR32774198.bin.7,Pseudomonadota,Gammaproteobacteria,Enterobacterales,Vibrionaceae,Vibrio,Unclassified,SRR32774198_Scaff058217||0_partial,83676,Yes,44003,99,25,16,High-quality,High-quality,100,AAI-based (medium-confidence),47.41,1,contig >1.5x longer than expected genome length
SRR32774198.bin.7,Pseudomonadota,Gammaproteobacteria,Enterobacterales,Vibrionaceae,Vibrio,Unclassified,SRR32774198_Scaff021412||0_partial,64183,Yes,36415,77,21,17,Medium-quality,Genome-fragment,64.24,HMM-based (lower-bound),43.26,1,
SRR32774198.bin.7,Pseudomonadota,Gammaproteobacteria,Enterobacterales,Vibrionaceae,Vibrio,Unclassified,SRR32774198_Scaff059177||0_partial,47819,Yes,40480,65,14,5,Medium-quality,Genome-fragment,60.26,HMM-based (lower-bound),15.35,1,
SRR32774198.bin.7,Pseudomonadota,Gammaproteobacteria,Enterobacterales,Vibrionaceae,Vibrio,Unclassified,SRR32774198_Scaff104230||0_partial,81851,Yes,37429,112,19,40,Medium-quality,Genome-fragment,55.21,HMM-based (lower-bound),54.27,1,low-confidence Provirus
SRR32774199.bin.16,Pseudomonadota,Gammaproteobacteria,Enterobacterales,Enterobacteriaceae,Buttiauxella,Buttiauxella agrestis,SRR32774199_Scaff097247||full,38785,No,NA,51,35,0,High-quality,High-quality,93.41,AAI-based (high-confidence),0,1,
SRR32774199.bin.16,Pseudomonadota,Gammaproteobacteria,Enterobacterales,Enterobacteriaceae,Buttiauxella,Buttiauxella agrestis,SRR32774199_Scaff285964||full,44999,Yes,40551,69,44,4,High-quality,High-quality,100,AAI-based (high-confidence),9.88,1,
SRR32774199.bin.19,Pseudomonadota,Gammaproteobacteria,Enterobacterales,Enterobacteriaceae,Buttiauxella,Buttiauxella massiliensis,SRR32774199_Scaff083741||0_partial,66349,Yes,35586,80,27,12,Medium-quality,Genome-fragment,76.68,AAI-based (medium-confidence),46.37,1,low-confidence Provirus
SRR32774200.bin.1,Pseudomonadota,Gammaproteobacteria,Enterobacterales,Alteromonadaceae,Thalassotalea_B,Unclassified,SRR32774200_Scaff002823||full,3824,No,NA,6,2,0,Medium-quality,Genome-fragment,59.2,AAI-based (high-confidence),0,1,
SRR32774200.bin.1,Pseudomonadota,Gammaproteobacteria,Enterobacterales,Alteromonadaceae,Thalassotalea_B,Unclassified,SRR32774200_Scaff010859||full,5579,No,NA,11,2,0,Medium-quality,Genome-fragment,86.07,AAI-based (high-confidence),0,1,
SRR32774200.bin.1,Pseudomonadota,Gammaproteobacteria,Enterobacterales,Alteromonadaceae,Thalassotalea_B,Unclassified,SRR32774200_Scaff068540||full,4702,No,NA,5,0,1,Medium-quality,Genome-fragment,57.81,AAI-based (medium-confidence),0,1,no viral genes detected
SRR32774200.bin.1,Pseudomonadota,Gammaproteobacteria,Enterobacterales,Alteromonadaceae,Thalassotalea_B,Unclassified,SRR32774200_Scaff093890||full,42117,Yes,31964,53,19,10,Medium-quality,Genome-fragment,58.77,HMM-based (lower-bound),24.11,1,
SRR32774200.bin.1,Pseudomonadota,Gammaproteobacteria,Enterobacterales,Alteromonadaceae,Thalassotalea_B,Unclassified,SRR32774200_Scaff106591||full,5589,No,NA,7,0,1,Medium-quality,Genome-fragment,70.18,AAI-based (medium-confidence),0,1,no viral genes detected
SRR32774200.bin.11,Bacillota,Bacilli,Bacillales_B,Bacillaceae_B,Rossellomorea,Rossellomorea aquimaris_C,SRR32774200_Scaff083332||full,58288,No,NA,69,19,1,High-quality,High-quality,100,AAI-based (high-confidence),0,1,
SRR32774200.bin.7,Pseudomonadota,Gammaproteobacteria,Pseudomonadales,Pseudomonadaceae,Pseudomonas_E,Pseudomonas_E reinekei,SRR32774200_Scaff117944||0_partial,65430,Yes,35672,83,33,23,Medium-quality,Genome-fragment,54.34,HMM-based (lower-bound),45.48,1,
SRR32774201.bin.16,Pseudomonadota,Alphaproteobacteria,Rhodobacterales,Rhodobacteraceae,Sulfitobacter,Sulfitobacter dubius,SRR32774201_Scaff189535||0_partial,67286,Yes,40615,66,10,18,High-quality,High-quality,100,AAI-based (high-confidence),39.64,1,contig >1.5x longer than expected genome length
SRR32774201.bin.16,Pseudomonadota,Alphaproteobacteria,Rhodobacterales,Rhodobacteraceae,Sulfitobacter,Sulfitobacter dubius,SRR32774201_Scaff168136||0_partial,17806,No,NA,28,1,3,Medium-quality,Genome-fragment,50.71,AAI-based (high-confidence),0,1,
SRR32774201.bin.30,Pseudomonadota,Gammaproteobacteria,Pseudomonadales,Halomonadaceae,Pistricoccus,Unclassified,SRR32774201_Scaff072665||full,22949,No,NA,31,23,1,Medium-quality,Genome-fragment,64.99,AAI-based (high-confidence),0,1,
SRR32774201.bin.40,Bacillota,Bacilli,Bacillales_H,Bacillaceae_D,Alkalicoccobacillus,Unclassified,SRR32774201_Scaff077042||full,39741,No,NA,64,18,2,High-quality,High-quality,100,AAI-based (medium-confidence),0,1,
SRR32774201.bin.40,Bacillota,Bacilli,Bacillales_H,Bacillaceae_D,Alkalicoccobacillus,Unclassified,SRR32774201_Scaff094185||full,30928,No,NA,38,17,0,Medium-quality,Genome-fragment,59.63,AAI-based (medium-confidence),0,1,
SRR33545835.bin.6,Pseudomonadota,Gammaproteobacteria,Steroidobacterales,Steroidobacteraceae,Steroidobacter_A,Unclassified,SRR33545835_Scaff235657||full,40803,No,NA,63,9,1,High-quality,High-quality,94.12,AAI-based (high-confidence),0,1,
SRR33545837.bin.16,Gemmatimonadota,Gemmatimonadetes,Gemmatimonadales,GWC2-71-9,Palsa-1233,Unclassified,SRR33545837_Scaff566606||full,19025,No,NA,26,9,0,High-quality,High-quality,100,AAI-based (medium-confidence),0,1.01,
SRR33545838.bin.6,Gemmatimonadota,Gemmatimonadetes,JACCXV01,JAHWKZ01,JAICNR01,Unclassified,SRR33545838_Scaff118366||full,82268,No,NA,143,19,1,Medium-quality,Genome-fragment,87.13,HMM-based (lower-bound),0,1,
SRR33545838.bin.6,Gemmatimonadota,Gemmatimonadetes,JACCXV01,JAHWKZ01,JAICNR01,Unclassified,SRR33545838_Scaff289389||full,41817,No,NA,73,14,0,Medium-quality,Genome-fragment,51.5,HMM-based (lower-bound),0,1,
SRR33545843.bin.11,Acidobacteriota,Thermoanaerobaculia,Multivoradales,UBA5704,Unclassified,Unclassified,SRR33545843_Scaff440841||full,183973,No,NA,322,31,2,High-quality,High-quality,97.62,AAI-based (high-confidence),0,1,
SRR34576098.bin.15,Desulfobacterota_D,UBA1144,UBA2774,UBA2774,CR02bin9,Unclassified,SRR34576098_Scaff373154||full,40748,No,NA,67,7,0,High-quality,High-quality,99.81,AAI-based (medium-confidence),0,1,
SRR7976302.bin.15,Myxococcota,Polyangia,Polyangiales,Polyangiaceae,NIC37A-2,Unclassified,SRR7976302_Scaff183667||full,58173,No,NA,92,12,1,Medium-quality,Genome-fragment,88.17,HMM-based (lower-bound),0,1,
SRR7976303.bin.17,Bacillota,Bacilli,Lactobacillales,Lactobacillaceae,Lactiplantibacillus,Lactiplantibacillus plantarum,SRR7976303_Scaff253887||full,39850,No,NA,53,13,6,High-quality,High-quality,100,AAI-based (high-confidence),0,1.01,
SRR7976303.bin.17,Bacillota,Bacilli,Lactobacillales,Lactobacillaceae,Lactiplantibacillus,Lactiplantibacillus plantarum,SRR7976303_Scaff143998||full,32263,No,NA,34,19,1,Medium-quality,Genome-fragment,54.81,AAI-based (high-confidence),0,1.01,
