Archaea_ID,Archaea_phylum,Product Prediction,BiG-SCAPE class,Family
14-C.bin.44,Thermoplasmatota,T1PKS,PKSI,JAHWKR01
17-A.bin.26,Thermoplasmatota,T3PKS,PKSother,Unclassified
17-A.bin.26,Thermoplasmatota,T1PKS,PKSI,Unclassified
17-B.bin.113,Thermoplasmatota,T1PKS,PKSI,JACPAO01
17-C.bin.13,Thermoplasmatota,T1PKS,PKSI,SW-10-69-26
17-C.bin.13,Thermoplasmatota,T3PKS,PKSother,SW-10-69-26
17-C.bin.161,Thermoplasmatota,T1PKS,PKSI,JACPAO01
18-A.bin.45,Thermoplasmatota,T1PKS,PKSI,JACPAO01
6-B.bin.52,Thermoplasmatota,T1PKS,PKSI,JACPAO01
9-D.bin.44,Thermoplasmatota,T1PKS,PKSI,Unclassified
9-D.bin.44,Thermoplasmatota,T3PKS,PKSother,Unclassified
SRR19594467.bin.65,Thermoplasmatota,T1PKS,PKSI,SW-10-69-26
SRR19594467.bin.65,Thermoplasmatota,T3PKS,PKSother,SW-10-69-26
SRR19594469.bin.14,Halobacteriota,RiPP-like,RiPPs,Halobacteriaceae
SRR19594469.bin.14,Halobacteriota,terpene,Terpene,Halobacteriaceae
SRR21412979.bin.29,Halobacteriota,RiPP-like,RiPPs,Natrialbaceae
SRR21412979.bin.29,Halobacteriota,terpene,Terpene,Natrialbaceae
SRR21412985.bin.27,Halobacteriota,RiPP-like,RiPPs,SKNY01
SRR21412985.bin.9,Halobacteriota,RiPP-like,RiPPs,Haloarculaceae
SRR21412985.bin.9,Halobacteriota,NI-siderophore,Others,Haloarculaceae
SRR21412986.bin.51,Halobacteriota,RiPP-like,RiPPs,Halobacteriaceae
SRR21412986.bin.51,Halobacteriota,terpene,Terpene,Halobacteriaceae
SRR21412992.bin.20,Thermoplasmatota,T3PKS,PKSother,SW-10-69-26
SRR21412992.bin.20,Thermoplasmatota,phosphonate,Others,SW-10-69-26
SRR21412992.bin.20,Thermoplasmatota,T1PKS,PKSI,SW-10-69-26
SRR21412994.bin.26,Thermoplasmatota,T1PKS,PKSI,SW-10-69-26
SRR21412994.bin.26,Thermoplasmatota,T3PKS,PKSother,SW-10-69-26
SRR21412994.bin.42,Thermoplasmatota,T1PKS,PKSI,SW-10-69-26
SRR21412994.bin.42,Thermoplasmatota,T3PKS,PKSother,SW-10-69-26
SRR21412995.bin.27,Thermoplasmatota,T3PKS,PKSother,SW-10-69-26
SRR21412995.bin.27,Thermoplasmatota,T1PKS,PKSI,SW-10-69-26
SRR21412995.bin.27,Thermoplasmatota,NI-siderophore,Others,SW-10-69-26
SRR21412995.bin.27,Thermoplasmatota,NI-siderophore,Others,SW-10-69-26
SRR21412996.bin.8,Halobacteriota,NI-siderophore,Others,Halobacteriaceae
SRR21412996.bin.8,Halobacteriota,terpene,Terpene,Halobacteriaceae
SRR21412996.bin.8,Halobacteriota,lanthipeptide-class-ii,RiPPs,Halobacteriaceae
SRR21412996.bin.8,Halobacteriota,RiPP-like,RiPPs,Halobacteriaceae
SRR21413006.bin.35,Halobacteriota,terpene,Terpene,Natrialbaceae
SRR21413006.bin.35,Halobacteriota,RiPP-like,RiPPs,Natrialbaceae
SRR23851185.bin.6,Thermoplasmatota,T1PKS,PKSI,JAHFTW01
SRR23851190.bin.36,Halobacteriota,terpene,Terpene,Haloarculaceae
SRR23851190.bin.36,Halobacteriota,RiPP-like,RiPPs,Haloarculaceae
SRR23851190.bin.36,Halobacteriota,NI-siderophore,Others,Haloarculaceae
SRR29792384.bin.4,Thermoproteota,RiPP-like,RiPPs,Nitrososphaeraceae
SRR32147494.bin.35,Thermoproteota,RiPP-like,RiPPs,Nitrososphaeraceae
SRR32147494.bin.35,Thermoproteota,NRPS-like,NRPS,Nitrososphaeraceae
SRR32147495.bin.28,Thermoproteota,RiPP-like,RiPPs,Nitrososphaeraceae
SRR32147495.bin.28,Thermoproteota,RiPP-like,RiPPs,Nitrososphaeraceae
SRR34563345.bin.52,Halobacteriota,terpene,Terpene,Haloarculaceae
SRR34563345.bin.52,Halobacteriota,RiPP-like,RiPPs,Haloarculaceae
SRR34576099.bin.10,Thermoplasmatota,T1PKS,PKSI,JAHWKR01
SRR34576099.bin.28,Thermoplasmatota,T1PKS,PKSI,JAHFTW01
SRR34576099.bin.28,Thermoplasmatota,T3PKS,PKSother,JAHFTW01
13-b.bin.1,Thermoplasmatota,T1PKS,PKSI,Unclassified
13-b.bin.1,Thermoplasmatota,T3PKS,PKSother,Unclassified
13-b.bin.62,Halobacteriota,RiPP-like,RiPPs,Unclassified
17-B.bin.108,Thermoplasmatota,T1PKS,PKSI,SW-10-69-26
17-B.bin.109,Thermoproteota,RiPP-like,RiPPs,Nitrososphaeraceae
17-B.bin.164,Nanoarchaeota,phosphonate,Others,JAGVZT01
17-B.bin.201,Thermoplasmatota,T1PKS,PKSI,JAHFTW01
17-B.bin.201,Thermoplasmatota,T3PKS,PKSother,JAHFTW01
17-C.bin.137,Thermoplasmatota,T1PKS,PKSI,JAJPHT01
18-A.bin.7,Thermoproteota,RiPP-like,RiPPs,Nitrososphaeraceae
2-b.bin.42,Thermoplasmatota,T1PKS,PKSI,JACPAO01
7-c.bin.57,Thermoplasmatota,RiPP-like,RiPPs,SW-10-69-26
7-c.bin.57,Thermoplasmatota,T3PKS,PKSother,SW-10-69-26
7-c.bin.57,Thermoplasmatota,T1PKS,PKSI,SW-10-69-26
7-c.bin.57,Thermoplasmatota,RiPP-like,RiPPs,SW-10-69-26
SRR14626313.bin.26,Halobacteriota,terpene,Terpene,Haloferacaceae
SRR14626314.bin.11,Nanohaloarchaeota,terpene,Terpene,Nanosalinaceae
SRR14626314.bin.2,Halobacteriota,RiPP-like,RiPPs,Haloferacaceae
SRR14626314.bin.2,Halobacteriota,terpene,Terpene,Haloferacaceae
SRR14626314.bin.21,Halobacteriota,terpene,Terpene,Haloferacaceae
SRR14626314.bin.21,Halobacteriota,terpene,Terpene,Haloferacaceae
SRR14626314.bin.23,Halobacteriota,RiPP-like,RiPPs,Haloarculaceae
SRR14626314.bin.23,Halobacteriota,terpene,Terpene,Haloarculaceae
SRR14626314.bin.24,Halobacteriota,terpene,Terpene,Haloarculaceae
SRR14626314.bin.24,Halobacteriota,RiPP-like,RiPPs,Haloarculaceae
SRR14626314.bin.3,Halobacteriota,terpene,Terpene,Haloferacaceae
SRR14626314.bin.3,Halobacteriota,RiPP-like,RiPPs,Haloferacaceae
SRR14626314.bin.3,Halobacteriota,RiPP-like,RiPPs,Haloferacaceae
SRR14626314.bin.3,Halobacteriota,terpene,Terpene,Haloferacaceae
SRR14626314.bin.6,Halobacteriota,terpene,Terpene,Haloarculaceae
SRR14626314.bin.6,Halobacteriota,RiPP-like,RiPPs,Haloarculaceae
SRR14626314.bin.8,Halobacteriota,terpene,Terpene,Haloferacaceae
SRR14626314.bin.8,Halobacteriota,terpene,Terpene,Haloferacaceae
SRR14626314.bin.8,Halobacteriota,RiPP-like,RiPPs,Haloferacaceae
SRR19594459.bin.44,Halobacteriota,terpene,Terpene,Haloferacaceae
SRR19594459.bin.68,Halobacteriota,terpene,Terpene,Haloferacaceae
SRR19594459.bin.68,Halobacteriota,RiPP-like,RiPPs,Haloferacaceae
SRR19594461.bin.14,Halobacteriota,RiPP-like,RiPPs,Haloarculaceae
SRR19594461.bin.48,Halobacteriota,terpene,Terpene,Haloferacaceae
SRR19594461.bin.48,Halobacteriota,RiPP-like,RiPPs,Haloferacaceae
SRR19594461.bin.7,Halobacteriota,terpene,Terpene,Haloferacaceae
SRR19594461.bin.7,Halobacteriota,NI-siderophore,Others,Haloferacaceae
SRR19594461.bin.7,Halobacteriota,NI-siderophore,Others,Haloferacaceae
SRR19594461.bin.7,Halobacteriota,terpene,Terpene,Haloferacaceae
SRR19594461.bin.7,Halobacteriota,RiPP-like,RiPPs,Haloferacaceae
SRR19594463.bin.12,Halobacteriota,terpene,Terpene,Haloarculaceae
SRR19594463.bin.12,Halobacteriota,RiPP-like,RiPPs,Haloarculaceae
SRR19594463.bin.17,Halobacteriota,terpene,Terpene,Natrialbaceae
SRR19594463.bin.17,Halobacteriota,terpene,Terpene,Natrialbaceae
SRR19594463.bin.17,Halobacteriota,terpene,Terpene,Natrialbaceae
SRR19594463.bin.17,Halobacteriota,RiPP-like,RiPPs,Natrialbaceae
SRR19594463.bin.44,Halobacteriota,terpene,Terpene,Haloferacaceae
SRR19594463.bin.44,Halobacteriota,RiPP-like,RiPPs,Haloferacaceae
SRR19594463.bin.6,Halobacteriota,RiPP-like,RiPPs,Haloarculaceae
SRR19594463.bin.6,Halobacteriota,terpene,Terpene,Haloarculaceae
SRR19594465.bin.41,Halobacteriota,RiPP-like,RiPPs,Haloferacaceae
SRR19594465.bin.41,Halobacteriota,terpene,Terpene,Haloferacaceae
SRR19594465.bin.52,Halobacteriota,terpene,Terpene,Haloferacaceae
SRR19594467.bin.37,Halobacteriota,RiPP-like,RiPPs,Haloferacaceae
SRR19594467.bin.68,Halobacteriota,RiPP-like,RiPPs,Haloarculaceae
SRR19594469.bin.1,Halobacteriota,RiPP-like,RiPPs,Halobacteriaceae
SRR21412968.bin.14,Halobacteriota,RiPP-like,RiPPs,Haloarculaceae
SRR21412968.bin.14,Halobacteriota,NI-siderophore,Others,Haloarculaceae
SRR21412970.bin.24,Halobacteriota,RiPP-like,RiPPs,Haladaptataceae
SRR21412970.bin.24,Halobacteriota,terpene,Terpene,Haladaptataceae
SRR21412970.bin.44,Thermoplasmatota,T3PKS,PKSother,SW-10-69-26
SRR21412970.bin.44,Thermoplasmatota,hglE-KS,PKSother,SW-10-69-26
SRR21412971.bin.34,Halobacteriota,terpene,Terpene,Halalkalicoccaceae
SRR21412971.bin.34,Halobacteriota,RiPP-like,RiPPs,Halalkalicoccaceae
SRR21412971.bin.34,Halobacteriota,NI-siderophore,Others,Halalkalicoccaceae
SRR21412971.bin.34,Halobacteriota,NI-siderophore,Others,Halalkalicoccaceae
SRR21412971.bin.34,Halobacteriota,NI-siderophore,Others,Halalkalicoccaceae
SRR21412971.bin.45,Halobacteriota,terpene,Terpene,Salinarchaeaceae
SRR21412971.bin.45,Halobacteriota,terpene,Terpene,Salinarchaeaceae
SRR21412971.bin.45,Halobacteriota,NI-siderophore,Others,Salinarchaeaceae
SRR21412971.bin.45,Halobacteriota,NI-siderophore,Others,Salinarchaeaceae
SRR21412971.bin.45,Halobacteriota,RiPP-like,RiPPs,Salinarchaeaceae
SRR21412972.bin.68,Halobacteriota,RiPP-like,RiPPs,Unclassified
SRR21412972.bin.68,Halobacteriota,terpene,Terpene,Unclassified
SRR21412973.bin.15,Halobacteriota,terpene,Terpene,Halobacteriaceae
SRR21412973.bin.17,Halobacteriota,RiPP-like,RiPPs,Haloarculaceae
SRR21412973.bin.19,Halobacteriota,RiPP-like,RiPPs,Haladaptataceae
SRR21412973.bin.19,Halobacteriota,terpene,Terpene,Haladaptataceae
SRR21412973.bin.19,Halobacteriota,NI-siderophore,Others,Haladaptataceae
SRR21412974.bin.22,Thermoplasmatota,T1PKS,PKSI,SW-10-69-26
SRR21412974.bin.22,Thermoplasmatota,T3PKS,PKSother,SW-10-69-26
SRR21412976.bin.15,Halobacteriota,RiPP-like,RiPPs,Unclassified
SRR21412976.bin.23,Thermoplasmatota,T3PKS,PKSother,SW-10-69-26
SRR21412976.bin.3,Halobacteriota,NI-siderophore,Others,Haloarculaceae
SRR21412976.bin.3,Halobacteriota,RiPP-like,RiPPs,Haloarculaceae
SRR21412976.bin.9,Thermoplasmatota,T1PKS,PKSI,SW-10-69-26
SRR21412976.bin.9,Thermoplasmatota,T3PKS,PKSother,SW-10-69-26
SRR21412977.bin.17,Halobacteriota,terpene,Terpene,Haloferacaceae
SRR21412977.bin.17,Halobacteriota,NI-siderophore,Others,Haloferacaceae
SRR21412977.bin.17,Halobacteriota,NI-siderophore,Others,Haloferacaceae
SRR21412977.bin.17,Halobacteriota,RiPP-like,RiPPs,Haloferacaceae
SRR21412979.bin.18,Halobacteriota,terpene,Terpene,Natrialbaceae
SRR21412979.bin.18,Halobacteriota,RiPP-like,RiPPs,Natrialbaceae
SRR21412979.bin.34,Halobacteriota,terpene,Terpene,Natrialbaceae
SRR21412979.bin.34,Halobacteriota,NI-siderophore,Others,Natrialbaceae
SRR21412979.bin.34,Halobacteriota,NI-siderophore,Others,Natrialbaceae
SRR21412979.bin.34,Halobacteriota,RiPP-like,RiPPs,Natrialbaceae
SRR21412979.bin.34,Halobacteriota,NI-siderophore,Others,Natrialbaceae
SRR21412979.bin.35,Halobacteriota,RiPP-like,RiPPs,Haloferacaceae
SRR21412979.bin.35,Halobacteriota,terpene,Terpene,Haloferacaceae
SRR21412979.bin.35,Halobacteriota,RiPP-like,RiPPs,Haloferacaceae
SRR21412980.bin.11,Thermoplasmatota,T3PKS,PKSother,SW-10-69-26
SRR21412980.bin.18,Halobacteriota,RiPP-like,RiPPs,Haloarculaceae
SRR21412980.bin.18,Halobacteriota,NI-siderophore,Others,Haloarculaceae
SRR21412981.bin.1,Halobacteriota,RiPP-like,RiPPs,SKNY01
SRR21412981.bin.11,Halobacteriota,terpene,Terpene,SW-7-71-33
SRR21412981.bin.11,Halobacteriota,RiPP-like,RiPPs,SW-7-71-33
SRR21412981.bin.11,Halobacteriota,terpene,Terpene,SW-7-71-33
SRR21412983.bin.17,Halobacteriota,RiPP-like,RiPPs,Haloarculaceae
SRR21412983.bin.3,Halobacteriota,RiPP-like,RiPPs,Haloarculaceae
SRR21412983.bin.3,Halobacteriota,RiPP-like,RiPPs,Haloarculaceae
SRR21412983.bin.35,Halobacteriota,terpene,Terpene,Haloarculaceae
SRR21412983.bin.9,Halobacteriota,RiPP-like,RiPPs,Unclassified
SRR21412984.bin.1,Halobacteriota,RiPP-like,RiPPs,Haloferacaceae
SRR21412984.bin.15,Halobacteriota,RiPP-like,RiPPs,Unclassified
SRR21412984.bin.15,Halobacteriota,RiPP-like,RiPPs,Unclassified
SRR21412984.bin.21,Halobacteriota,RiPP-like,RiPPs,Haloferacaceae
SRR21412984.bin.21,Halobacteriota,terpene,Terpene,Haloferacaceae
SRR21412984.bin.31,Halobacteriota,RiPP-like,RiPPs,Haloarculaceae
SRR21412984.bin.6,Halobacteriota,NI-siderophore,Others,Haloferacaceae
SRR21412984.bin.6,Halobacteriota,NI-siderophore,Others,Haloferacaceae
SRR21412984.bin.6,Halobacteriota,RiPP-like,RiPPs,Haloferacaceae
SRR21412984.bin.6,Halobacteriota,terpene,Terpene,Haloferacaceae
SRR21412984.bin.6,Halobacteriota,RiPP-like,RiPPs,Haloferacaceae
SRR21412984.bin.6,Halobacteriota,NI-siderophore,Others,Haloferacaceae
SRR21412985.bin.12,Halobacteriota,NI-siderophore,Others,Halalkalicoccaceae
SRR21412985.bin.12,Halobacteriota,NI-siderophore,Others,Halalkalicoccaceae
SRR21412985.bin.12,Halobacteriota,NI-siderophore,Others,Halalkalicoccaceae
SRR21412985.bin.12,Halobacteriota,terpene,Terpene,Halalkalicoccaceae
SRR21412985.bin.4,Thermoplasmatota,T1PKS,PKSI,SW-10-69-26
SRR21412985.bin.4,Thermoplasmatota,T3PKS,PKSother,SW-10-69-26
SRR21412985.bin.8,Thermoplasmatota,T3PKS,PKSother,SW-10-69-26
SRR21412986.bin.33,Halobacteriota,terpene,Terpene,PXRE01
SRR21412986.bin.33,Halobacteriota,RiPP-like,RiPPs,PXRE01
SRR21412986.bin.33,Halobacteriota,terpene,Terpene,PXRE01
SRR21412986.bin.41,Halobacteriota,RiPP-like,RiPPs,Haloarculaceae
SRR21412987.bin.13,Halobacteriota,RiPP-like,RiPPs,Haloarculaceae
SRR21412987.bin.13,Halobacteriota,NI-siderophore,Others,Haloarculaceae
SRR21412987.bin.13,Halobacteriota,NI-siderophore,Others,Haloarculaceae
SRR21412988.bin.1,Halobacteriota,RiPP-like,RiPPs,Salinarchaeaceae
SRR21412988.bin.1,Halobacteriota,terpene,Terpene,Salinarchaeaceae
SRR21412988.bin.15,Halobacteriota,terpene,Terpene,Halobacteriaceae
SRR21412988.bin.15,Halobacteriota,RiPP-like,RiPPs,Halobacteriaceae
SRR21412989.bin.13,Halobacteriota,terpene,Terpene,PXRE01
SRR21412989.bin.13,Halobacteriota,RiPP-like,RiPPs,PXRE01
SRR21412990.bin.18,Halobacteriota,RiPP-like,RiPPs,Unclassified
SRR21412990.bin.22,Halobacteriota,terpene,Terpene,SKNY01
SRR21412990.bin.22,Halobacteriota,RiPP-like,RiPPs,SKNY01
SRR21412994.bin.22,Thermoplasmatota,T1PKS,PKSI,SW-10-69-26
SRR21412994.bin.22,Thermoplasmatota,T3PKS,PKSother,SW-10-69-26
SRR21412994.bin.28,Halobacteriota,NI-siderophore,Others,Halalkalicoccaceae
SRR21412994.bin.28,Halobacteriota,NI-siderophore,Others,Halalkalicoccaceae
SRR21412994.bin.28,Halobacteriota,RiPP-like,RiPPs,Halalkalicoccaceae
SRR21412994.bin.40,Halobacteriota,RiPP-like,RiPPs,Unclassified
SRR21412994.bin.51,Halobacteriota,RiPP-like,RiPPs,Natrialbaceae
SRR21412994.bin.51,Halobacteriota,terpene,Terpene,Natrialbaceae
SRR21412994.bin.7,Halobacteriota,RiPP-like,RiPPs,SKSH01
SRR21412995.bin.46,Halobacteriota,RiPP-like,RiPPs,SKNY01
SRR21412995.bin.53,Halobacteriota,RiPP-like,RiPPs,SKNY01
SRR21413000.bin.22,Halobacteriota,RiPP-like,RiPPs,Natrialbaceae
SRR21413000.bin.22,Halobacteriota,NI-siderophore,Others,Natrialbaceae
SRR21413000.bin.22,Halobacteriota,NI-siderophore,Others,Natrialbaceae
SRR21413000.bin.22,Halobacteriota,NI-siderophore,Others,Natrialbaceae
SRR21413000.bin.22,Halobacteriota,terpene,Terpene,Natrialbaceae
SRR21413000.bin.41,Halobacteriota,terpene,Terpene,Natrialbaceae
SRR21413000.bin.41,Halobacteriota,RiPP-like,RiPPs,Natrialbaceae
SRR21413000.bin.7,Halobacteriota,terpene,Terpene,Natrialbaceae
SRR21413000.bin.7,Halobacteriota,RiPP-like,RiPPs,Natrialbaceae
SRR21413001.bin.15,Halobacteriota,RiPP-like,RiPPs,Halalkalicoccaceae
SRR21413001.bin.15,Halobacteriota,NI-siderophore,Others,Halalkalicoccaceae
SRR21413001.bin.15,Halobacteriota,NI-siderophore,Others,Halalkalicoccaceae
SRR21413001.bin.15,Halobacteriota,NI-siderophore,Others,Halalkalicoccaceae
SRR21413001.bin.15,Halobacteriota,terpene,Terpene,Halalkalicoccaceae
SRR23851177.bin.27,Thermoproteota,RiPP-like,RiPPs,Nitrososphaeraceae
SRR23851178.bin.10,Halobacteriota,terpene,Terpene,Halobacteriaceae
SRR23851188.bin.2,Thermoplasmatota,T1PKS,PKSI,JAHFTW01
SRR23851190.bin.46,Thermoplasmatota,T3PKS,PKSother,SW-10-69-26
SRR23851191.bin.21,Halobacteriota,RiPP-like,RiPPs,Haloferacaceae
SRR23851191.bin.21,Halobacteriota,terpene,Terpene,Haloferacaceae
SRR23851191.bin.23,Halobacteriota,RiPP-like,RiPPs,Haloarculaceae
SRR23851203.bin.24,Halobacteriota,RiPP-like,RiPPs,Haloarculaceae
SRR26786830.bin.1,Nanoarchaeota,hglE-KS,PKSother,UBA11576
SRR26786830.bin.1,Nanoarchaeota,T1PKS.hglE-KS,PKSother,UBA11576
SRR29792384.bin.10,Thermoproteota,RiPP-like,RiPPs,Nitrososphaeraceae
SRR31572237.bin.4,Thermoproteota,RiPP-like,RiPPs,Nitrososphaeraceae
SRR31674855.bin.25,Thermoproteota,RiPP-like,RiPPs,Nitrososphaeraceae
SRR32147493.bin.33,Thermoplasmatota,T1PKS,PKSI,JAHFTW01
SRR32147494.bin.57,Thermoproteota,RiPP-like,RiPPs,Nitrososphaeraceae
SRR32147497.bin.16,Thermoproteota,RiPP-like,RiPPs,Nitrososphaeraceae
SRR32147498.bin.20,Thermoproteota,RiPP-like,RiPPs,Nitrososphaeraceae
SRR32147509.bin.8,Halobacteriota,RiPP-like,RiPPs,Unclassified
SRR33545838.bin.9,Thermoproteota,RiPP-like,RiPPs,Nitrososphaeraceae
SRR34563345.bin.22,Halobacteriota,RiPP-like,RiPPs,Haloferacaceae
SRR34563345.bin.22,Halobacteriota,RiPP-like,RiPPs,Haloferacaceae
SRR34563345.bin.22,Halobacteriota,terpene,Terpene,Haloferacaceae
SRR34563345.bin.34,Halobacteriota,terpene,Terpene,Haloferacaceae
SRR34563345.bin.34,Halobacteriota,RiPP-like,RiPPs,Haloferacaceae
SRR34563345.bin.8,Halobacteriota,RiPP-like,RiPPs,QS-9-68-17
SRR34563345.bin.8,Halobacteriota,terpene,Terpene,QS-9-68-17
SRR34576099.bin.1,Halobacteriota,terpene,Terpene,Haloarculaceae
SRR34576099.bin.1,Halobacteriota,RiPP-like,RiPPs,Haloarculaceae
SRR34576099.bin.21,Halobacteriota,terpene,Terpene,Haloferacaceae
SRR34576099.bin.21,Halobacteriota,RiPP-like,RiPPs,Haloferacaceae
SRR34576099.bin.38,Halobacteriota,RiPP-like,RiPPs,Haloferacaceae
SRR34576099.bin.38,Halobacteriota,terpene,Terpene,Haloferacaceae
SRR34576099.bin.60,Halobacteriota,terpene,Terpene,Haloferacaceae
SRR34576099.bin.60,Halobacteriota,RiPP-like,RiPPs,Haloferacaceae
SRR34576099.bin.65,Thermoplasmatota,T1PKS,PKSI,JAHFTW01
SRR34576099.bin.92,Halobacteriota,RiPP-like,RiPPs,Haloferacaceae
SRR34576099.bin.92,Halobacteriota,terpene,Terpene,Haloferacaceae
SRR5209947.bin.26,Halobacteriota,RiPP-like,RiPPs,Haloferacaceae
SRR5209947.bin.5,Halobacteriota,RiPP-like,RiPPs,Haloferacaceae
SRR5209947.bin.5,Halobacteriota,terpene,Terpene,Haloferacaceae
SRR6056296.bin.32,Halobacteriota,RiPP-like,RiPPs,Haloferacaceae
SRR6056296.bin.32,Halobacteriota,terpene,Terpene,Haloferacaceae
SRR6056296.bin.6,Halobacteriota,terpene,Terpene,Haloferacaceae
SRR6056296.bin.6,Halobacteriota,RiPP-like,RiPPs,Haloferacaceae
SRR9952635.bin.50,Thermoproteota,RiPP-like,RiPPs,Nitrososphaeraceae
SRR9952635.bin.53,Thermoproteota,RiPP-like,RiPPs,Nitrososphaeraceae
SRR9952635.bin.53,Thermoproteota,RiPP-like,RiPPs,Nitrososphaeraceae
