Archaea_ID,Description,GeneRatio,BgRatio,pvalue,p.adjust,qvalue,geneID,Count
ko01240,Biosynthesis of cofactors,52/388,380/14480,1.18229295684342e-22,1.25323053425403e-20,9.95615121552357e-21,K00077/K00128/K00457/K00463/K00515/K00600/K00762/K00763/K00788/K00940/K00950/K01113/K01591/K01599/K01633/K01698/K01719/K01737/K01772/K01919/K01938/K02188/K02232/K02233/K02257/K02259/K02548/K03146/K03148/K03151/K03179/K03182/K03186/K03517/K03635/K03637/K03795/K04719/K06042/K07130/K08097/K08281/K08310/K08681/K10977/K11212/K13038/K14941/K16792/K21142/K22227/K22391,52
ko01200,Carbon metabolism,45/388,377/14480,2.43268915987254e-17,1.71910033964326e-15,1.36572023010388e-15,K00043/K00116/K00150/K00171/K00172/K00241/K00282/K00283/K00297/K00577/K00584/K00600/K00626/K00640/K00845/K00873/K00874/K00927/K01079/K01499/K01595/K01623/K01625/K01637/K01677/K01738/K01754/K01803/K01810/K01849/K01938/K03841/K07404/K08093/K08094/K10946/K11529/K11645/K13831/K14083/K15635/K16306/K18978/K19243/K21071,45
ko01230,Biosynthesis of amino acids,44/388,241/14480,1.99847389400644e-24,4.23676465529365e-22,3.36585076885295e-22,K00053/K00147/K00150/K00549/K00600/K00620/K00640/K00873/K00927/K01079/K01476/K01496/K01523/K01609/K01623/K01649/K01658/K01693/K01696/K01697/K01703/K01714/K01733/K01738/K01754/K01803/K01817/K02501/K04486/K04517/K04518/K05827/K06001/K08093/K08094/K10977/K11645/K11755/K12339/K13831/K15635/K16306/K16792/K21071,44
ko00680,Methane metabolism,25/388,196/14480,9.32631999134216e-11,3.29529973027423e-09,2.61791438353464e-09,K00171/K00172/K00577/K00584/K00600/K01079/K01499/K01595/K01623/K03841/K08093/K08094/K08097/K10946/K10977/K11212/K11529/K11645/K13831/K14083/K14941/K15635/K16306/K16792/K21071,25
ko00230,Purine metabolism,20/388,224/14480,2.60789429617733e-06,4.25287377530457e-05,3.37864848087751e-05,K00088/K00526/K00759/K00856/K00940/K01515/K01524/K01588/K01589/K01768/K01951/K01952/K03651/K03787/K05873/K06863/K06952/K08289/K19710/K22026,20
ko00030,Pentose phosphate pathway,18/388,89/14480,1.82454712796249e-11,7.73607982256096e-10,6.14584295734734e-10,K00852/K00874/K01619/K01623/K01625/K01810/K03841/K07404/K08093/K08094/K11529/K11645/K13831/K16306/K18237/K18978/K19243/K21071,18
ko00010,Glycolysis / Gluconeogenesis,18/388,108/14480,5.26019867407816e-10,1.59308874129224e-08,1.2656117110564e-08,K00001/K00114/K00128/K00150/K00171/K00172/K00845/K00873/K00927/K01623/K01803/K01810/K03841/K11645/K15635/K16306/K18978/K21071,18
ko00260,"Glycine, serine and threonine metabolism",16/388,110/14480,3.64253461046902e-08,9.65271671774291e-07,7.66849391677689e-07,K00130/K00273/K00282/K00283/K00301/K00303/K00600/K01079/K01696/K01697/K01733/K01754/K06001/K10674/K11529/K15635,16
ko01232,Nucleotide metabolism,16/388,123/14480,1.79789083866305e-07,4.23503175329518e-06,3.36447408404781e-06,K00088/K00526/K00759/K00761/K00856/K00857/K00876/K00940/K01494/K01951/K03465/K03787/K06287/K06952/K07043/K22026,16
ko00860,Porphyrin metabolism,16/388,142/14480,1.29758379833546e-06,2.50079786588289e-05,1.98673117448492e-05,K01599/K01698/K01719/K01772/K02188/K02232/K02233/K02257/K02259/K03594/K03795/K04040/K06042/K07145/K08260/K22227,16
ko00240,Pyrimidine metabolism,15/388,114/14480,3.75009545690573e-07,7.95020236864015e-06,6.31595024320965e-06,K00526/K00761/K00762/K00857/K00876/K00940/K01494/K01591/K03465/K03787/K06287/K06952/K07043/K09020/K22026,15
ko00620,Pyruvate metabolism,14/388,134/14480,1.43845562507257e-05,0.000203301728343591,0.000161510807025693,K00001/K00114/K00116/K00128/K00171/K00172/K00626/K00873/K01512/K01595/K01649/K01677/K01759/K10977,14
ko00190,Oxidative phosphorylation,13/388,224/14480,0.00748179327247444,0.0428686533449887,0.0340565269870814,K00241/K00337/K00338/K00339/K01507/K02107/K02257/K02259/K02274/K02275/K02276/K03885/K15408,13
ko04122,Sulfur relay system,12/388,29/14480,3.98204904329227e-12,2.1104859929449e-10,1.67665222875464e-10,K01011/K03148/K03151/K03154/K03635/K03636/K03637/K11996/K21029/K21140/K21142/K21147,12
ko00790,Folate biosynthesis,12/388,84/14480,2.29339240186916e-06,4.05165990996886e-05,3.21879635350058e-05,K00950/K01113/K01633/K01737/K03635/K03637/K06920/K08310/K09739/K17488/K21142/K22391,12
ko00330,Arginine and proline metabolism,12/388,115/14480,5.93759231341318e-05,0.00066251030023347,0.000526323972380115,K00128/K00147/K00273/K00294/K01426/K01470/K01476/K01480/K02626/K09123/K09471/K21672,12
ko00900,Terpenoid backbone biosynthesis,10/388,64/14480,7.08251380282788e-06,0.000107249494728537,8.52031735678542e-05,K00587/K00626/K00806/K01823/K03186/K06013/K09128/K15888/K15891/K15892,10
ko00051,Fructose and mannose metabolism,10/388,118/14480,0.00126765178019221,0.0099534139778055,0.00790737952556544,K00847/K00882/K01623/K01803/K02377/K03841/K11645/K16306/K19355/K21071,10
ko00720,Other carbon fixation pathways,10/388,122/14480,0.00163164332581361,0.0119278753473271,0.00947596849837303,K00171/K00172/K00241/K00297/K00626/K01595/K01677/K01849/K01938/K18602,10
ko00400,"Phenylalanine, tyrosine and tryptophan biosynthesis",9/388,74/14480,0.000154015165542236,0.00155481976642638,0.00123520934770716,K01609/K01658/K01696/K01817/K04517/K04518/K06001/K11646/K16306,9
ko03008,Ribosome biogenesis in eukaryotes,9/388,83/14480,0.000370743757899557,0.00327490319477942,0.00260171058175128,K03264/K03538/K03685/K06943/K07178/K07562/K11130/K14564/K14568,9
ko00760,Nicotinate and nicotinamide metabolism,9/388,98/14480,0.00124926710468701,0.0099534139778055,0.00790737952556544,K00135/K00325/K00763/K03426/K03517/K03743/K03787/K08281/K12410,9
ko00500,Starch and sucrose metabolism,9/388,107/14480,0.00230716802768116,0.0163039873956136,0.0129525222606662,K00688/K00845/K00847/K01176/K01178/K01179/K01810/K05343/K16147,9
ko01210,2-Oxocarboxylic acid metabolism,9/388,113/14480,0.00334078074420892,0.0228466296055577,0.0181502519209992,K00053/K00171/K00172/K00620/K01649/K01703/K05827/K10977/K16792,9
ko00564,Glycerophospholipid metabolism,9/388,118/14480,0.00445429943683328,0.0269803280173901,0.0214342228539346,K00111/K00631/K00655/K00995/K01114/K01126/K17104/K17105/K19664,9
ko00630,Glyoxylate and dicarboxylate metabolism,9/388,118/14480,0.00445429943683328,0.0269803280173901,0.0214342228539346,K00282/K00283/K00600/K00626/K01625/K01637/K01849/K07130/K11529,9
ko00340,Histidine metabolism,8/388,47/14480,3.11383121463093e-05,0.000412582635938599,0.000327771706803256,K00128/K01479/K01496/K01523/K01693/K02501/K04486/K11755,8
ko03410,Base excision repair,8/388,53/14480,7.6289555047777e-05,0.000808669283506437,0.00064243835829707,K01247/K03575/K03649/K03660/K04802/K10773/K10800/K21929,8
ko00670,One carbon pool by folate,8/388,65/14480,0.000328514690084668,0.00302804844773694,0.00240559956126073,K00130/K00282/K00283/K00297/K00600/K01697/K01938/K03465,8
ko00561,Glycerolipid metabolism,8/388,95/14480,0.00395279733716483,0.0253937283478468,0.0201737663140789,K00005/K00128/K00631/K00655/K05878/K05879/K05881/K11529,8
ko00710,Carbon fixation by Calvin cycle,7/388,37/14480,4.82974323066918e-05,0.000602297391118745,0.00047848849344091,K00150/K00927/K01595/K01623/K01803/K03841/K11645,7
ko00360,Phenylalanine metabolism,7/388,75/14480,0.00390075591888605,0.0253937283478468,0.0201737663140789,K00457/K01426/K01912/K02610/K02614/K03782/K05710,7
ko00380,Tryptophan metabolism,7/388,81/14480,0.00596430129911119,0.0351231076503215,0.02790316397245,K00128/K00463/K00626/K01426/K03782/K07130/K10217,7
ko02030,Bacterial chemotaxis,6/388,26/14480,5.20241984180224e-05,0.000612729448034486,0.000486776125548748,K02557/K03406/K03407/K03408/K03410/K03411,6
ko00983,Drug metabolism - other enzymes,6/388,32/14480,0.000178749733908703,0.0017224974358475,0.00136841901556902,K00088/K00857/K00876/K00940/K01951/K03782,6
ko00770,Pantothenate and CoA biosynthesis,6/388,45/14480,0.00119853162899245,0.0099534139778055,0.00790737952556544,K00053/K00077/K00128/K00997/K09735/K13038,6
ko00290,"Valine, leucine and isoleucine biosynthesis",4/388,19/14480,0.00142956291532533,0.010823833501749,0.00859887467864862,K00053/K01649/K01703/K01754,4
