Bacteria_ID,Description,GeneRatio,BgRatio,pvalue,p.adjust,qvalue,geneID,Count
ko01240,Biosynthesis of cofactors,109/1290,380/14480,1.39341463521691e-29,4.54253171080712e-27,3.54954043918412e-27,K00059/K00077/K00097/K00128/K00226/K00288/K00452/K00457/K00463/K00568/K00600/K00647/K00762/K00763/K00788/K00796/K00859/K00861/K00867/K00878/K00939/K00940/K00941/K00946/K00949/K00950/K00963/K00969/K01053/K01077/K01113/K01591/K01598/K01599/K01633/K01664/K01698/K01719/K01737/K01772/K01809/K01919/K01937/K01938/K02170/K02188/K02190/K02230/K02231/K02233/K02257/K02259/K02303/K02372/K02492/K02496/K02548/K02549/K03146/K03148/K03149/K03151/K03153/K03179/K03181/K03182/K03186/K03474/K03517/K03635/K03637/K03794/K03795/K03800/K03801/K04487/K04719/K05895/K05928/K06042/K06125/K06134/K07130/K08097/K08281/K08310/K08679/K08681/K08973/K09007/K09680/K09833/K10810/K10977/K11212/K11753/K12501/K13038/K13421/K14941/K16593/K16792/K18240/K18586/K19222/K19267/K20967/K21142/K22391,109
ko01200,Carbon metabolism,94/1290,377/14480,7.83946811866043e-21,1.27783330334165e-18,9.98500676166224e-19,K00031/K00036/K00043/K00116/K00123/K00126/K00131/K00140/K00171/K00172/K00176/K00177/K00194/K00197/K00198/K00201/K00202/K00240/K00241/K00242/K00281/K00282/K00283/K00297/K00600/K00626/K00627/K00640/K00845/K00850/K00851/K00855/K00863/K00873/K00874/K00886/K00927/K01007/K01053/K01070/K01079/K01086/K01499/K01595/K01623/K01624/K01625/K01637/K01647/K01676/K01677/K01679/K01738/K01754/K01803/K01810/K01846/K01847/K01849/K01938/K01962/K02203/K03388/K03389/K03396/K03781/K03841/K05606/K06859/K07404/K08093/K08094/K09788/K10713/K10944/K10946/K11529/K11645/K13812/K13831/K14083/K14127/K14138/K15024/K15635/K15918/K16162/K16176/K16306/K16370/K17067/K17989/K18978/K21071,94
ko01230,Biosynthesis of amino acids,68/1290,241/14480,2.09922566500857e-18,1.71086891698199e-16,1.33687529192651e-16,K00014/K00031/K00053/K00147/K00220/K00549/K00600/K00620/K00640/K00641/K00651/K00765/K00800/K00817/K00850/K00873/K00891/K00927/K01079/K01089/K01476/K01496/K01523/K01609/K01623/K01624/K01647/K01649/K01655/K01658/K01693/K01696/K01697/K01703/K01714/K01733/K01738/K01754/K01803/K01814/K01817/K01914/K01915/K02203/K02204/K02501/K04486/K04517/K04518/K05359/K05827/K06001/K07173/K08093/K08094/K10977/K11645/K11755/K12339/K13498/K13812/K13831/K15635/K16306/K16370/K16792/K17989/K21071,68
ko00680,Methane metabolism,56/1290,196/14480,1.21212279895681e-15,7.90304064919838e-14,6.17544668100099e-14,K00123/K00126/K00171/K00172/K00194/K00197/K00198/K00201/K00202/K00600/K00850/K00863/K01007/K01070/K01079/K01086/K01499/K01595/K01623/K01624/K02203/K03388/K03389/K03396/K03532/K03841/K08093/K08094/K08097/K10713/K10944/K10946/K10977/K11212/K11529/K11645/K13812/K13831/K14083/K14127/K14940/K14941/K15635/K16162/K16176/K16256/K16258/K16306/K16370/K16792/K17067/K18277/K21071/K22082/K22084/K22085,56
ko02024,Quorum sensing,46/1290,283/14480,4.49481391272367e-05,0.000430973333984681,0.000336763147640597,K01114/K01218/K01635/K01658/K01728/K01897/K02035/K02250/K02402/K02403/K03071/K03073/K03075/K03076/K03110/K03210/K03400/K03666/K06046/K06998/K07173/K07344/K07666/K07781/K08321/K08777/K09823/K10911/K10914/K10917/K11530/K11531/K18139/K20266/K20268/K20276/K20326/K20332/K20333/K20527/K20528/K20529/K20530/K20531/K20532/K20533,46
ko00230,Purine metabolism,45/1290,224/14480,1.57710462050493e-07,2.7059795067611e-06,2.11445605630024e-06,K00088/K00364/K00365/K00524/K00525/K00759/K00760/K00764/K00769/K00856/K00892/K00893/K00939/K00940/K01081/K01477/K01515/K01518/K01524/K01525/K01588/K01589/K01768/K01839/K01923/K01951/K01952/K03651/K03787/K03816/K04765/K05873/K06952/K06966/K07127/K08289/K08312/K09769/K09913/K11808/K15518/K15519/K16841/K19710/K21636,45
ko00190,Oxidative phosphorylation,40/1290,224/14480,1.56286300535486e-05,0.000175687358532995,0.000137282340216289,K00240/K00241/K00242/K00334/K00337/K00338/K00341/K00404/K00405/K00407/K00937/K01507/K02107/K02113/K02115/K02121/K02123/K02256/K02257/K02259/K02274/K02275/K02276/K02297/K02298/K02299/K02827/K02828/K03886/K03890/K03955/K05572/K05583/K05584/K05585/K08738/K15408/K15862/K15986/K22468,40
ko01220,Degradation of aromatic compounds,38/1290,215/14480,3.19993840425059e-05,0.000336509651543772,0.000262949098074242,K00001/K00141/K00151/K00217/K00446/K00455/K01053/K01607/K01612/K01617/K01666/K01821/K01826/K02554/K03186/K03379/K03464/K04072/K04112/K04113/K05710/K06912/K07104/K10217/K11946/K13954/K14519/K14584/K14585/K14750/K15761/K15762/K16049/K16162/K18068/K18076/K18087/K18089,38
ko01250,Biosynthesis of nucleotide sugars,37/1290,221/14480,0.000130768552459294,0.00106576370254324,0.000832789202503924,K00469/K00820/K00845/K00847/K00884/K00886/K00963/K00965/K00972/K01654/K01710/K01784/K01790/K01809/K01810/K02377/K02473/K03270/K03272/K03274/K04042/K05304/K06041/K06118/K07102/K08678/K08679/K09001/K12449/K12454/K13018/K13318/K17947/K19068/K19180/K21344/K21379,37
ko03070,Bacterial secretion system,36/1290,74/14480,5.92310776042248e-19,6.43644376632576e-17,5.02944588779733e-17,K02452/K02453/K02454/K02455/K02456/K02457/K02460/K02461/K02462/K03071/K03073/K03075/K03076/K03110/K03118/K03194/K03195/K03196/K03197/K03198/K03200/K03201/K03203/K03204/K03205/K03210/K03223/K03226/K03230/K11892/K11904/K11906/K11912/K11913/K12340/K13301,36
ko01232,Nucleotide metabolism,36/1290,123/14480,7.17131894426623e-11,2.33784997583079e-09,1.82679914159203e-09,K00088/K00364/K00524/K00525/K00560/K00759/K00760/K00761/K00769/K00856/K00857/K00876/K00892/K00893/K00939/K00940/K00945/K01081/K01489/K01494/K01520/K01937/K01951/K02825/K03465/K03787/K03816/K04765/K06287/K06952/K06966/K07043/K09913/K15518/K15519/K21636,36
ko00240,Pyrimidine metabolism,34/1290,114/14480,1.37237881345861e-10,3.72829577656254e-09,2.91329537593844e-09,K00226/K00524/K00525/K00560/K00761/K00762/K00857/K00876/K00893/K00940/K00945/K01081/K01489/K01494/K01518/K01520/K01591/K01937/K02825/K03465/K03787/K04765/K06287/K06952/K06966/K07043/K09019/K09020/K09769/K09913/K13421/K15519/K16328/K21636,34
ko00620,Pyruvate metabolism,32/1290,134/14480,1.72643228942785e-07,2.8140846317674e-06,2.19892954758705e-06,K00001/K00114/K00116/K00128/K00132/K00138/K00171/K00172/K00626/K00627/K00873/K01007/K01069/K01512/K01595/K01649/K01655/K01676/K01677/K01679/K01759/K01962/K02594/K04021/K04072/K07248/K10977/K13954/K15024/K18930/K20370/K22373,32
ko00030,Pentose phosphate pathway,31/1290,89/14480,1.03031678316267e-11,3.73203634790035e-10,2.91621826345458e-10,K00036/K00117/K00131/K00850/K00851/K00852/K00874/K00895/K01053/K01086/K01619/K01623/K01624/K01625/K01810/K01839/K03841/K05774/K06859/K07404/K08093/K08094/K11529/K11645/K13812/K13831/K16306/K16370/K18237/K18978/K21071,31
ko00010,Glycolysis / Gluconeogenesis,31/1290,108/14480,2.51848043080588e-09,6.3155740034055e-08,4.93499809113378e-08,K00001/K00114/K00128/K00129/K00131/K00138/K00171/K00172/K00627/K00845/K00850/K00873/K00886/K00895/K00927/K01007/K01086/K01623/K01624/K01803/K01810/K03841/K04072/K06859/K11645/K13954/K15635/K16306/K16370/K18978/K21071,31
ko00520,Amino sugar and nucleotide sugar metabolism,31/1290,118/14480,2.54908708944889e-08,4.88824935976669e-07,3.81968467892651e-07,K00820/K00845/K00847/K00884/K00886/K00963/K00965/K00972/K01183/K01784/K01788/K01809/K01810/K02473/K02564/K02744/K02793/K02795/K02796/K04042/K06118/K06859/K07102/K07106/K08678/K08679/K09001/K10985/K10986/K12449/K20844,31
ko00260,"Glycine, serine and threonine metabolism",29/1290,110/14480,6.56969149337814e-08,1.18984412602293e-06,9.29745813682755e-07,K00130/K00273/K00281/K00282/K00283/K00301/K00303/K00304/K00305/K00542/K00600/K00613/K00865/K01079/K01696/K01697/K01733/K01753/K01754/K02203/K02204/K06001/K10674/K11440/K11529/K15635/K15786/K15918/K17989,29
ko00051,Fructose and mannose metabolism,29/1290,118/14480,3.37655806772928e-07,5.24170442895117e-06,4.09587494932575e-06,K00846/K00847/K00848/K00850/K00863/K00882/K00895/K01086/K01218/K01623/K01624/K01803/K01805/K01809/K01813/K01820/K02377/K02771/K02783/K02793/K02795/K02796/K03841/K11645/K16306/K16370/K18818/K19355/K21071,29
ko02040,Flagellar assembly,27/1290,55/14480,1.12122119754184e-14,6.09196850664402e-13,4.76027245272151e-13,K02386/K02387/K02389/K02393/K02394/K02395/K02396/K02397/K02398/K02399/K02400/K02402/K02403/K02405/K02408/K02411/K02413/K02415/K02418/K02419/K02422/K02423/K02557/K03516/K09860/K21217/K21218,27
ko00195,Photosynthesis,27/1290,63/14480,7.10632418218182e-13,2.89582710423909e-11,2.26280322643158e-11,K02113/K02115/K02636/K02638/K02639/K02640/K02643/K02691/K02692/K02699/K02700/K02702/K02704/K02709/K02710/K02711/K02712/K02714/K02716/K02717/K02718/K02719/K02722/K02723/K02724/K08903/K08904,27
ko02025,Biofilm formation - Pseudomonas aeruginosa,27/1290,90/14480,9.35867110137027e-09,2.17923341360479e-07,1.70285594476061e-07,K01658/K01768/K02398/K02405/K02659/K02660/K03563/K03651/K06598/K10914/K11890/K11900/K11912/K11913/K20976/K20998/K21000/K21004/K21006/K21008/K21010/K21012/K21019/K21020/K21021/K21022/K21023,27
ko05111,Biofilm formation - Vibrio cholerae,27/1290,106/14480,3.9463637493047e-07,5.84779355578788e-06,4.56947381498439e-06,K00640/K01912/K02405/K02452/K02453/K02454/K02455/K02456/K02457/K02460/K02461/K02462/K02463/K03563/K03666/K07173/K07181/K10911/K10914/K10917/K10922/K10927/K10961/K16554/K20918/K20956/K20963,27
ko00630,Glyoxylate and dicarboxylate metabolism,26/1290,118/14480,1.16264075977676e-05,0.000135364602745436,0.000105774084160141,K00048/K00123/K00126/K00281/K00282/K00283/K00600/K00626/K00865/K01091/K01458/K01625/K01637/K01647/K01846/K01847/K01849/K01915/K03781/K05606/K07130/K07248/K11473/K11529/K15918/K18123,26
ko00860,Porphyrin metabolism,26/1290,142/14480,0.000305055636116285,0.00216191602986758,0.00168932411762336,K01599/K01698/K01719/K01772/K02188/K02190/K02230/K02231/K02233/K02257/K02259/K02303/K02492/K02496/K03405/K03594/K03794/K03795/K04035/K04040/K05895/K06042/K07145/K08099/K08973/K22336,26
ko00720,Other carbon fixation pathways,25/1290,122/14480,6.17122756303348e-05,0.000558838940430254,0.000436677505922252,K00031/K00171/K00172/K00176/K00177/K00194/K00197/K00198/K00240/K00241/K00242/K00297/K00626/K01007/K01595/K01676/K01677/K01679/K01847/K01849/K01938/K01962/K05606/K14138/K15024,25
ko00270,Cysteine and methionine metabolism,25/1290,128/14480,0.000139140628867362,0.00110633768318927,0.000864493766005173,K00549/K00558/K00640/K00641/K00651/K00797/K00899/K01011/K01505/K01697/K01738/K01919/K05396/K05953/K07173/K08963/K08964/K08966/K08967/K08968/K09880/K12339/K16845/K17950/K17989,25
ko02026,Biofilm formation - Escherichia coli,24/1290,61/14480,1.19096379387189e-10,3.52958360729306e-09,2.75802141738754e-09,K00688/K00694/K01991/K02398/K02402/K02403/K02405/K03563/K04333/K04336/K06204/K07173/K07781/K10914/K11531/K11931/K11935/K11937/K12687/K18968/K21085/K21086/K21087/K21090,24
ko00362,Benzoate degradation,24/1290,116/14480,7.32175421590576e-05,0.000628129440627705,0.000490821196744929,K00217/K00446/K00626/K01075/K01607/K01617/K01666/K01821/K02554/K03464/K04100/K04101/K04110/K04112/K04113/K04755/K07104/K10217/K10218/K15512/K15514/K16514/K16515/K18089,24
ko00564,Glycerophospholipid metabolism,24/1290,118/14480,9.72416308783337e-05,0.000812840299136841,0.000635154512079804,K00111/K00113/K00550/K00570/K00631/K00655/K00981/K01004/K01058/K01095/K01096/K01114/K01126/K03735/K03736/K04019/K05939/K06900/K07094/K13507/K13622/K17105/K18697/K19664,24
ko00500,Starch and sucrose metabolism,23/1290,107/14480,5.51485334962641e-05,0.00051366919770806,0.000401381807702133,K00688/K00690/K00694/K00696/K00845/K00847/K00963/K01176/K01179/K01182/K01187/K01194/K01208/K01226/K01810/K02759/K05341/K05343/K06044/K06859/K07024/K16146/K16147,23
ko00330,Arginine and proline metabolism,23/1290,115/14480,0.000175494718922761,0.00133049484578652,0.00103965047684965,K00128/K00137/K00147/K00273/K00294/K00542/K00613/K00673/K00797/K01259/K01426/K01470/K01476/K01480/K01484/K02626/K06447/K08687/K09123/K09471/K09472/K10794/K18123,23
ko00920,Sulfur metabolism,23/1290,131/14480,0.00120250498427477,0.00796283761002805,0.00622217210728701,K00185/K00640/K00641/K00651/K01011/K01738/K02439/K03119/K06881/K07308/K08359/K15551/K15553/K15762/K16937/K17218/K17222/K17226/K17227/K17285/K19713/K21309/K21310,23
ko00790,Folate biosynthesis,20/1290,84/14480,3.59115705649063e-05,0.000365849125129983,0.000285875002523268,K00796/K00950/K01077/K01113/K01633/K01664/K01724/K01737/K03635/K03637/K06879/K06920/K06984/K07589/K08310/K09007/K09457/K20967/K21142/K22391,20
ko04122,Sulfur relay system,19/1290,29/14480,8.26428433386858e-14,3.84879527548737e-12,3.00745384781383e-12,K01011/K03148/K03151/K03154/K03635/K03636/K03637/K04085/K04487/K07235/K07236/K07237/K11179/K21028/K21029/K21140/K21142/K21147/K21148,19
ko00540,Lipopolysaccharide biosynthesis,19/1290,50/14480,2.02464144315834e-08,4.12520694043513e-07,3.22344229766e-07,K00748/K00912/K02527/K02535/K02536/K02848/K02850/K03269/K03760/K09778/K09949/K11211/K12973/K12976/K12981/K12986/K16363/K19353/K19803,19
ko00400,"Phenylalanine, tyrosine and tryptophan biosynthesis",19/1290,74/14480,1.79402831028949e-05,0.000194951076384791,0.000152335035470195,K00014/K00220/K00800/K00817/K00891/K01609/K01658/K01696/K01817/K04517/K04518/K05358/K05359/K06001/K11646/K13498/K15226/K16306/K18240,19
ko00052,Galactose metabolism,19/1290,81/14480,6.9484180856408e-05,0.000612211971869974,0.000478383265071145,K00845/K00850/K00883/K00917/K00963/K00965/K01182/K01187/K01631/K01635/K01784/K02082/K02744/K02775/K07407/K10985/K10986/K16370/K21071,19
ko00130,Ubiquinone and other terpenoid-quinone biosynthesis,18/1290,64/14480,7.53583181327118e-06,9.44877373510156e-05,7.38328461057339e-05,K00457/K00568/K01075/K02548/K02549/K03179/K03181/K03182/K03186/K05928/K06125/K06134/K09833/K12501/K18240/K18586/K19222/K19267,18
ko00550,Peptidoglycan biosynthesis,17/1290,55/14480,3.26409606760073e-06,4.43373049182432e-05,3.46452301912007e-05,K00806/K01000/K01921/K03587/K03693/K03814/K05363/K05364/K05365/K05366/K06153/K07260/K12555/K18866/K19302/K21464/K21469,17
ko02060,Phosphotransferase system (PTS),17/1290,72/14480,0.00015131673873548,0.00117450611494682,0.000917760671027221,K00882/K02744/K02759/K02771/K02775/K02783/K02784/K02793/K02795/K02796/K02806/K02821/K02822/K03475/K08485/K10985/K10986,17
ko00561,Glycerolipid metabolism,17/1290,95/14480,0.0040646043805528,0.0232466847028108,0.0181649909527937,K00005/K00086/K00128/K00631/K00655/K00863/K00865/K01046/K05878/K05879/K05881/K06118/K07407/K11529/K13507/K15918/K19005,17
ko00730,Thiamine metabolism,16/1290,36/14480,1.88060960940382e-08,4.08719155110431e-07,3.19373702088228e-07,K00788/K00878/K00939/K00941/K00946/K00949/K01077/K03146/K03148/K03149/K03151/K03153/K04487/K07251/K10810/K10811,16
ko00340,Histidine metabolism,16/1290,47/14480,1.5039266876702e-06,2.13165260948038e-05,1.66567623989103e-05,K00128/K00129/K00765/K00817/K01089/K01458/K01479/K01496/K01523/K01693/K01814/K02501/K04486/K11755/K18912/K19787,16
ko00360,Phenylalanine metabolism,16/1290,75/14480,0.000786794758896518,0.00538014306981406,0.00420405109103973,K00129/K00146/K00285/K00457/K00817/K01426/K01666/K01912/K02554/K02610/K02614/K02618/K03782/K05710/K18362/K18363,16
ko00627,Aminobenzoate degradation,16/1290,91/14480,0.00622231444507162,0.0338079084848891,0.0264175455387251,K00141/K01426/K01512/K01612/K01865/K03186/K03862/K04099/K04100/K04101/K04110/K15058/K15060/K15065/K21727/K21802,16
ko00040,Pentose and glucuronate interconversions,16/1290,92/14480,0.00692638815344155,0.0370164350495401,0.0289246925475903,K00848/K00963/K01051/K01686/K01728/K01730/K01805/K01812/K01815/K01820/K03078/K13877/K14274/K16849/K21619/K22187,16
ko01503,Cationic antimicrobial peptide (CAMP) resistance,14/1290,54/14480,0.000199638269195721,0.00147913808540466,0.00115580050586997,K01406/K01448/K03367/K03673/K03739/K03740/K03760/K06079/K12340/K12962/K12963/K12973/K14188/K14205,14
ko00470,D-Amino acid metabolism,14/1290,55/14480,0.000246138473645402,0.00178313649796447,0.00139334527771198,K00273/K00285/K01425/K01753/K01921/K03367/K05396/K10794/K13877/K14188/K19746/K21060/K21062/K22210,14
ko00020,Citrate cycle (TCA cycle),14/1290,70/14480,0.00310110005677713,0.0190746909152706,0.0149049893493558,K00031/K00116/K00171/K00172/K00176/K00177/K00240/K00241/K00242/K00627/K01647/K01676/K01677/K01679,14
ko00053,Ascorbate and aldarate metabolism,13/1290,63/14480,0.00323246732822868,0.01915971543641,0.0149714276254802,K00128/K00469/K01053/K01707/K02821/K02822/K03078/K03475/K08679/K13874/K13876/K13877/K18981,13
ko00900,Terpenoid backbone biosynthesis,13/1290,64/14480,0.00373295383151022,0.0217311240905773,0.0169807298350653,K00587/K00626/K00806/K00991/K01597/K01770/K01823/K03186/K03526/K03527/K09128/K12506/K15891,13
ko00670,One carbon pool by folate,13/1290,65/14480,0.00429437209895802,0.0238791506006115,0.0186592006630545,K00130/K00281/K00282/K00283/K00288/K00297/K00560/K00600/K01697/K01934/K01938/K03465/K11440,13
ko00983,Drug metabolism - other enzymes,12/1290,32/14480,9.91193787517899e-06,0.000119677472122532,9.35161390172833e-05,K00088/K00569/K00760/K00799/K00857/K00876/K00940/K01489/K01520/K01951/K03782/K13421,12
ko02030,Bacterial chemotaxis,11/1290,26/14480,5.90143973017935e-06,7.69547740815387e-05,6.01325648296169e-05,K00575/K02557/K03406/K03408/K03409/K03410/K03411/K03414/K03415/K05876/K05877,11
ko04112,Cell cycle - Caulobacter,11/1290,31/14480,4.25840514757573e-05,0.00042067881154839,0.000328718993847951,K01338/K02488/K02651/K03589/K13582/K13583/K13588/K13590/K13591/K13592/K13593,11
ko00770,Pantothenate and CoA biosynthesis,11/1290,45/14480,0.00159803450441953,0.0102148872243288,0.0079819267300212,K00053/K00077/K00128/K00859/K00867/K00997/K01598/K04765/K06133/K09680/K13038,11
ko00740,Riboflavin metabolism,11/1290,55/14480,0.00829043710482259,0.0430696652960754,0.0336546948713279,K00861/K00878/K01515/K03186/K04719/K09474/K11753/K12152/K14379/K19285/K19286,11
ko00061,Fatty acid biosynthesis,10/1290,40/14480,0.00215202127399724,0.0134915179869827,0.0105422904515654,K00059/K00645/K00647/K01071/K01716/K01897/K01962/K02371/K02372/K16363,10
ko00196,Photosynthesis - antenna proteins,10/1290,42/14480,0.00317280875524346,0.0191543639668401,0.0149672459799009,K02092/K02093/K02094/K02095/K02097/K02284/K02285/K02287/K05382/K05383,10
ko00710,Carbon fixation by Calvin cycle,9/1290,37/14480,0.00432168676514134,0.0238791506006115,0.0186592006630545,K00855/K00927/K01086/K01595/K01623/K01624/K01803/K03841/K11645,9
ko00622,Xylene degradation,8/1290,34/14480,0.00864138359505726,0.0440170476873229,0.0343949807566424,K00141/K00446/K01617/K01666/K01821/K02554/K07104/K10217,8
ko00571,Lipoarabinomannan (LAM) biosynthesis,6/1290,14/14480,0.000792168304757899,0.00538014306981406,0.00420405109103973,K13669/K13671/K13687/K14337/K16647/K16648,6
ko00531,Glycosaminoglycan degradation,6/1290,15/14480,0.00122129411196749,0.00796283761002805,0.00622217210728701,K01132/K01135/K01136/K01137/K01205/K01565,6
ko00521,Streptomycin biosynthesis,6/1290,21/14480,0.00832327887623542,0.0430696652960754,0.0336546948713279,K00010/K00845/K01710/K01790/K04339/K04341,6
