User_genome,Phosphorus,Siderophore,Indole,Cytokinin,Glutathione,Trehalose,Glycine_betaine
14-C.bin.44,TRUE,FALSE,TRUE,FALSE,TRUE,FALSE,FALSE
17-A.bin.26,TRUE,FALSE,TRUE,TRUE,TRUE,FALSE,FALSE
17-B.bin.113,TRUE,TRUE,TRUE,FALSE,TRUE,FALSE,FALSE
17-C.bin.13,TRUE,FALSE,TRUE,FALSE,TRUE,FALSE,FALSE
17-C.bin.161,TRUE,TRUE,TRUE,FALSE,TRUE,FALSE,FALSE
18-A.bin.45,TRUE,TRUE,TRUE,FALSE,TRUE,TRUE,FALSE
4-C.bin.22,TRUE,FALSE,TRUE,FALSE,FALSE,FALSE,FALSE
6-B.bin.52,TRUE,TRUE,TRUE,FALSE,TRUE,FALSE,FALSE
9-D.bin.44,TRUE,TRUE,TRUE,FALSE,TRUE,TRUE,FALSE
SRR19594467.bin.65,TRUE,TRUE,TRUE,FALSE,TRUE,FALSE,FALSE
SRR19594469.bin.14,TRUE,TRUE,TRUE,FALSE,TRUE,FALSE,TRUE
SRR21412979.bin.29,TRUE,TRUE,TRUE,FALSE,TRUE,FALSE,FALSE
SRR21412983.bin.10,TRUE,FALSE,TRUE,FALSE,TRUE,FALSE,FALSE
SRR21412985.bin.27,TRUE,TRUE,TRUE,FALSE,TRUE,FALSE,TRUE
SRR21412985.bin.9,TRUE,TRUE,TRUE,FALSE,TRUE,FALSE,TRUE
SRR21412986.bin.51,TRUE,TRUE,TRUE,FALSE,TRUE,FALSE,TRUE
SRR21412992.bin.20,TRUE,TRUE,TRUE,TRUE,TRUE,FALSE,FALSE
SRR21412994.bin.26,TRUE,FALSE,TRUE,FALSE,TRUE,FALSE,FALSE
SRR21412994.bin.42,TRUE,FALSE,TRUE,FALSE,TRUE,FALSE,FALSE
SRR21412995.bin.14,TRUE,FALSE,TRUE,FALSE,TRUE,FALSE,FALSE
SRR21412995.bin.27,TRUE,TRUE,TRUE,FALSE,TRUE,FALSE,FALSE
SRR21412996.bin.8,TRUE,TRUE,TRUE,FALSE,TRUE,FALSE,FALSE
SRR21413006.bin.35,TRUE,TRUE,TRUE,FALSE,TRUE,FALSE,FALSE
SRR23851185.bin.6,TRUE,FALSE,TRUE,FALSE,TRUE,FALSE,FALSE
SRR23851190.bin.36,TRUE,TRUE,TRUE,FALSE,TRUE,FALSE,TRUE
SRR23851191.bin.3,TRUE,FALSE,TRUE,FALSE,TRUE,FALSE,FALSE
SRR23851213.bin.14,TRUE,FALSE,TRUE,FALSE,TRUE,FALSE,FALSE
SRR29792384.bin.4,TRUE,FALSE,TRUE,FALSE,TRUE,FALSE,FALSE
SRR32147494.bin.35,TRUE,FALSE,TRUE,FALSE,TRUE,FALSE,FALSE
SRR32147495.bin.28,TRUE,FALSE,TRUE,FALSE,TRUE,FALSE,FALSE
SRR34563345.bin.52,TRUE,TRUE,TRUE,FALSE,TRUE,FALSE,FALSE
SRR34576099.bin.10,TRUE,TRUE,TRUE,FALSE,TRUE,FALSE,FALSE
SRR34576099.bin.28,TRUE,TRUE,TRUE,FALSE,TRUE,FALSE,FALSE
